timestamp,symbol,side,amount,price,reason,status,pnl
2025-11-22T05:30:25.918281,FET/USDT,buy,9638.0,0.2743,EXIT_DYNAMIC_SCALP (RSI 23.5),FILLED,43.37100000000004
2025-11-22T05:32:11.619309,ARB/USDT,sell,13298.337555768256,0.1972,SHORT_REVERSAL_SNIPER,FILLED,0.0
2025-11-22T05:32:22.844245,FLOW/USDT,sell,552.1121259603004,0.233,SHORT_SQUEEZE_BREAKOUT,FILLED,0.0
2025-11-22T05:32:32.784466,1000FLOKI/USDT,sell,4342.431418651235,0.04493,SHORT_MOMENTUM_PUSH,FILLED,0.0
2025-11-22T05:32:42.682119,CHZ/USDT,sell,1200.5611302727273,0.0275,SHORT_MOMENTUM_PUSH,FILLED,0.0
2025-11-22T05:32:52.325471,1000PEPE/USDT,sell,10580.478981217844,0.0040038,SHORT_SQUEEZE_BREAKOUT,FILLED,0.0
2025-11-22T05:33:20.035941,LINK/USDT,sell,0.44519968825495887,11.797,SHORT_BREAKOUT_DONCHIAN,FILLED,0.0
2025-11-22T05:33:54.536153,FET/USDT,sell,433.2441068697402,0.2733,SHORT_BREAKOUT_DONCHIAN,FILLED,0.0
2025-11-22T05:33:54.849939,FLOW/USDT,buy,552.1,0.233,ROTATION_SACRIFICE,FILLED,0.0
2025-11-22T05:33:55.204949,XTZ/USDT,sell,244.6396991890496,0.484,SHORT_BREAKOUT_DONCHIAN,FILLED,0.0
2025-11-22T05:33:55.525740,1000FLOKI/USDT,buy,4342.0,0.04483,ROTATION_SACRIFICE,FILLED,0.0
2025-11-22T05:33:55.838238,MANA/USDT,sell,732.708009947401,0.1616,SHORT_SQUEEZE_BREAKOUT,FILLED,0.0
2025-11-22T05:33:56.155113,CHZ/USDT,buy,1200.0,0.02749,ROTATION_SACRIFICE,FILLED,0.0
2025-11-22T05:33:56.464850,SEI/USDT,sell,906.6279816807045,0.1306,SHORT_SQUEEZE_BREAKOUT,FILLED,0.0
2025-11-22T05:34:06.403941,1000FLOKI/USDT,sell,3041.2214207004236,0.04483,SHORT_MOMENTUM_PUSH,FILLED,0.0
2025-11-22T05:34:06.752213,MANA/USDT,buy,732.0,0.1615,ROTATION_SACRIFICE,FILLED,0.0
2025-11-22T05:34:07.058037,CHZ/USDT,sell,4331.78173870909,0.0275,SHORT_MOMENTUM_PUSH,FILLED,0.0
2025-11-22T05:34:07.366300,1000FLOKI/USDT,buy,3041.2214207004236,0.04483,ROTATION_SACRIFICE,FILLED,0.0
2025-11-22T05:34:07.685806,FLOW/USDT,sell,582.6408388461538,0.234,SHORT_SQUEEZE_BREAKOUT,FILLED,0.0
2025-11-22T05:34:07.993168,CHZ/USDT,buy,4331.78173870909,0.0275,ROTATION_SACRIFICE,FILLED,0.0
2025-11-22T05:34:08.297660,INJ/USDT,sell,22.886454911527373,5.205,SHORT_SQUEEZE_BREAKOUT,FILLED,0.0
2025-11-22T05:34:18.030063,1000FLOKI/USDT,sell,1738.1489672652242,0.04483,SHORT_MOMENTUM_PUSH,FILLED,0.0
2025-11-22T05:34:56.770837,SUI/USDT,buy,1149.3,1.3389,EXIT_CHOP_SCALP (ROI 1.0%),FILLED,15.975270000000027
2025-11-22T05:35:08.058250,XRP/USDT,sell,366.130219181057,1.911,SHORT_BREAKOUT_DONCHIAN,FILLED,0.0
2025-11-22T05:37:33.738596,SOL/USDT,buy,11.0,125.91,EXIT_CLIMAX_DUMP,FILLED,2.68295500000005
2025-11-22T05:38:33.699243,1000BONK/USDT,sell,56525.584554073444,0.008537,SHORT_REVERSAL_SNIPER,FILLED,0.0
2025-11-22T05:39:49.690704,ETH/USDT,buy,0.959,2724.93,EXIT_CLIMAX_DUMP,FILLED,5.479493755478841
2025-11-22T05:39:59.431032,ETC/USDT,sell,199.07450453022415,13.251,SHORT_BREAKOUT_DONCHIAN,FILLED,0.0
2025-11-22T05:44:13.593994,BNB/USDT,buy,3.17,818.41,EXIT_CLIMAX_DUMP,FILLED,16.13097295000026
2025-11-22T05:44:23.518506,TRX/USDT,sell,9645.239648402532,0.27481,SHORT_MOMENTUM_PUSH,FILLED,0.0
2025-11-22T05:48:55.598265,DYDX/USDT,sell,5217.509575655021,0.229,SHORT_MOMENTUM_PUSH,FILLED,0.0
2025-11-22T05:49:24.790969,SNX/USDT,sell,18.00732409660107,0.559,SHORT_REVERSAL_SNIPER,FILLED,0.0
2025-11-22T05:50:03.599853,FIL/USDT,sell,85.9853433987539,1.605,SHORT_MOMENTUM_PUSH,FILLED,0.0
2025-11-22T05:50:43.719791,GALA/USDT,sell,5635.385135217984,0.00734,SHORT_MOMENTUM_PUSH,FILLED,0.0
2025-11-22T05:53:34.100380,LDO/USDT,buy,356.0,0.6053,EXIT_TRAIL_STOP (ROI 0.0%),FILLED,-0.14432239999996832
2025-11-22T05:55:16.445870,BNB/USDT,sell,0.051231150004896926,816.84,SHORT_BREAKOUT_DONCHIAN,FILLED,0.0
2025-11-22T05:55:16.821279,ETC/USDT,buy,199.07,13.244,ROTATION_SACRIFICE,FILLED,-2.63648308
2025-11-22T05:55:17.126301,LDO/USDT,sell,69.13539165702959,0.6053,SHORT_MOMENTUM_PUSH,FILLED,0.0
2025-11-22T05:55:17.429070,KAVA/USDT,sell,370.66122736935347,0.1129,SHORT_MOMENTUM_PUSH,FILLED,0.0
2025-11-22T05:55:17.722858,ATOM/USDT,sell,17.032011628001634,2.457,SHORT_REVERSAL_SNIPER,FILLED,0.0
2025-11-22T05:55:27.505953,BNB/USDT,buy,0.05,816.84,EXIT_CLIMAX_DUMP,FILLED,-0.047838499999999326
2025-11-22T05:57:41.572140,SOL/USDT,sell,20.36680951275429,125.84,SHORT_MOMENTUM_PUSH,FILLED,0.0
2025-11-22T05:57:41.881653,DYDX/USDT,buy,5217.5,0.229,ROTATION_SACRIFICE,FILLED,-1.1948075000000002
2025-11-22T05:57:42.228663,UNI/USDT,sell,204.04055733391215,6.191,SHORT_BREAKOUT_DONCHIAN,FILLED,0.0
2025-11-22T05:57:42.533184,TRX/USDT,buy,9645.0,0.27473,ROTATION_SACRIFICE,FILLED,-2.64977085
2025-11-22T05:57:42.844246,GRT/USDT,sell,53809.76924385891,0.04763,SHORT_TREND_PULLBACK,FILLED,0.0
2025-11-22T05:57:43.150298,XRP/USDT,buy,366.1,1.9079,ROTATION_SACRIFICE,FILLED,-0.6984821900000001
2025-11-22T05:57:43.457560,ALGO/USDT,sell,6025.240498078649,0.1343,SHORT_MOMENTUM_PUSH,FILLED,0.0
2025-11-22T05:57:53.348066,UNI/USDT,buy,204.0,6.191,EXIT_CLIMAX_DUMP,FILLED,-2.690249999999933
2025-11-22T05:58:14.641637,DOT/USDT,sell,590.8372355953427,2.276,SHORT_REVERSAL_SNIPER,FILLED,0.0
2025-11-22T05:59:24.443136,TRX/USDT,sell,185.62570527460326,0.27476,SHORT_REVERSAL_SNIPER,FILLED,0.0
2025-11-22T06:01:41.669264,ATOM/USDT,buy,17.03,2.457,EXIT_TRAIL_STOP (ROI 0.0%),FILLED,-0.04184271
2025-11-22T06:01:41.967163,ARB/USDT,buy,13298.3,0.1972,EXIT_TRAIL_STOP (ROI 0.0%),FILLED,-2.62242476
2025-11-22T06:02:04.720045,VET/USDT,sell,188920.81587633808,0.012518,SHORT_MOMENTUM_PUSH,FILLED,0.0
2025-11-22T06:06:41.659122,1000PEPE/USDT,buy,10580.0,0.0040105,EXIT_TRAIL_STOP (ROI -0.2%),FILLED,-0.11328164700000115
2025-11-22T06:08:56.017278,NEAR/USDT,buy,1456.0,1.824,EXIT_TRAIL_STOP (ROI 0.4%),FILLED,8.98643200000001
2025-11-22T06:09:05.913831,STX/USDT,sell,7263.725637607331,0.3028,SHORT_TREND_PULLBACK,FILLED,0.0
2025-11-22T06:10:03.533903,RUNE/USDT,buy,356.0,0.605,EXIT_TRAIL_STOP (ROI 0.0%),FILLED,-0.21538
2025-11-22T06:10:42.424034,DOGE/USDT,buy,13579.0,0.13702,EXIT_TRAIL_STOP (ROI 0.4%),FILLED,5.739843300000068
2025-11-22T06:10:52.504885,LDO/USDT,buy,69.0,0.6081,EXIT_TREND_REVERSAL,FILLED,-0.39368294999999953
2025-11-22T06:12:09.856808,SOL/USDT,buy,20.0,126.4,EXIT_TREND_REVERSAL,FILLED,-14.991765000000141
2025-11-22T06:12:10.154623,GRT/USDT,buy,53809.0,0.04798,EXIT_TREND_REVERSAL,FILLED,-23.018952109999912
2025-11-22T06:12:10.457914,SNX/USDT,buy,18.0,0.563,EXIT_TRAIL_STOP (ROI -0.9%),FILLED,-0.10008899999999808
2025-11-22T06:12:23.960694,INJ/USDT,buy,22.8,5.262,EXIT_TRAIL_STOP (ROI -1.1%),FILLED,-1.4645009999999836
2025-11-22T06:12:24.264138,KAVA/USDT,buy,370.6,0.1134,EXIT_TREND_REVERSAL,FILLED,-0.3013163300000023
2025-11-22T06:12:24.584271,1000FLOKI/USDT,buy,1738.0,0.04526,EXIT_TRAIL_STOP (ROI -1.0%),FILLED,-0.8256282099999996
2025-11-22T06:12:48.365272,AXS/USDT,buy,1215.0,1.077,EXIT_TRAIL_STOP (ROI 0.4%),FILLED,3.5490150000000047
2025-11-22T06:12:48.683496,1000SHIB/USDT,buy,27978.0,0.007707,EXIT_TRAIL_STOP (ROI 0.0%),FILLED,-0.13173441300001312
2025-11-22T06:14:18.709033,1000BONK/USDT,buy,56525.0,0.008616,EXIT_TRAIL_STOP (ROI -0.9%),FILLED,-5.063255137500068
2025-11-22T06:15:03.177692,FIL/USDT,buy,85.9,1.618,EXIT_TREND_REVERSAL,FILLED,-1.3409849000000014
2025-11-22T06:15:15.967278,SEI/USDT,buy,906.0,0.1313,EXIT_TRAIL_STOP (ROI -0.6%),FILLED,-0.8433953999999957
2025-11-22T06:15:27.293352,DOT/USDT,buy,590.8,2.295,EXIT_TREND_REVERSAL,FILLED,-12.575473400000075
2025-11-22T06:16:25.774375,CRV/USDT,sell,7030.490954756097,0.369,SHORT_TREND_PULLBACK,FILLED,0.0
2025-11-22T06:16:27.084420,STX/USDT,buy,7263.0,0.3035,EXIT_TREND_REVERSAL,FILLED,-9.023551200000007
2025-11-22T06:22:08.097925,SUI/USDT,sell,1938.102217224719,1.335,SHORT_BREAKOUT_DONCHIAN (VPA Verified),FILLED,0.0
2025-11-22T06:22:19.455016,DOGE/USDT,sell,19028.84877367027,0.13593,SHORT_MOMENTUM_PUSH,FILLED,0.0
2025-11-22T06:22:19.769845,ETH/USDT,sell,0.9498631767255942,2723.12,SHORT_MOMENTUM_PUSH,FILLED,0.0
2025-11-22T06:22:51.096525,BNB/USDT,sell,3.17074003021048,815.28,SHORT_MOMENTUM_PUSH,FILLED,0.0
2025-11-22T06:22:52.411511,DOGE/USDT,buy,19028.0,0.13583,ROTATION_SACRIFICE,FILLED,-2.0676585920000004
2025-11-22T06:22:52.708921,1000SHIB/USDT,sell,338179.0857967033,0.007644,SHORT_BREAKOUT_DONCHIAN (VPA Verified),FILLED,0.0
2025-11-22T06:22:54.014048,SUI/USDT,buy,1938.1,1.333,ROTATION_SACRIFICE,FILLED,-2.0667898399999998
2025-11-22T06:22:54.315558,SEI/USDT,sell,19854.38503709677,0.1302,SHORT_TREND_PULLBACK,FILLED,0.0
2025-11-22T06:22:55.704662,VET/USDT,buy,188920.0,0.012503,ROTATION_SACRIFICE,FILLED,-1.8896534080000003
2025-11-22T06:22:56.000160,IMX/USDT,sell,8579.624732260205,0.3013,SHORT_TREND_PULLBACK,FILLED,0.0
2025-11-22T06:23:07.890522,SUI/USDT,sell,58.68065704400749,1.335,SHORT_BREAKOUT_DONCHIAN (VPA Verified),FILLED,0.0
2025-11-22T06:23:09.220160,1000SHIB/USDT,buy,338179.0,0.007635,ROTATION_SACRIFICE,FILLED,-2.0655973320000003
2025-11-22T06:23:09.518707,VET/USDT,sell,12546.232728018897,0.012488,SHORT_BREAKOUT_DONCHIAN (VPA Verified),FILLED,0.0
2025-11-22T06:23:09.829123,DOGE/USDT,sell,1152.632636706393,0.13593,SHORT_MOMENTUM_PUSH,FILLED,0.0
2025-11-22T06:23:10.143263,1000FLOKI/USDT,sell,3486.367474577214,0.04494,SHORT_TREND_PULLBACK,FILLED,0.0
2025-11-22T06:23:10.433076,1000PEPE/USDT,sell,39381.01151376146,0.0039785,SHORT_MOMENTUM_PUSH,FILLED,0.0
2025-11-22T06:23:10.725918,SAND/USDT,sell,1065.5423987180359,0.14704,SHORT_MOMENTUM_PUSH,FILLED,0.0
2025-11-22T06:23:21.630175,1000SHIB/USDT,sell,233047.1603044872,0.007644,SHORT_BREAKOUT_DONCHIAN (VPA Verified),FILLED,0.0
2025-11-22T06:23:22.942885,IMX/USDT,buy,8579.0,0.3011,ROTATION_SACRIFICE,FILLED,-2.06650952
2025-11-22T06:23:23.284613,CHZ/USDT,sell,64708.04552733382,0.02753,SHORT_TREND_PULLBACK,FILLED,0.0
2025-11-22T06:23:33.694985,ADA/USDT,sell,2020.745909398638,0.3966,SHORT_BREAKOUT_DONCHIAN (VPA Verified),FILLED,0.0
2025-11-22T06:23:35.002168,SEI/USDT,buy,19854.0,0.1301,ROTATION_SACRIFICE,FILLED,-2.06640432
2025-11-22T06:23:35.298806,UNI/USDT,sell,129.9542447977136,6.167,SHORT_BREAKOUT_DONCHIAN,FILLED,0.0
2025-11-22T06:23:35.598771,IMX/USDT,sell,2659.8998595004973,0.3013,SHORT_TREND_PULLBACK,FILLED,0.0
2025-11-22T06:23:35.890941,AXS/USDT,sell,748.2986252731091,1.071,SHORT_MOMENTUM_PUSH,FILLED,0.0
2025-11-22T06:23:37.206274,1000SHIB/USDT,buy,233047.0,0.007635,ROTATION_SACRIFICE,FILLED,-1.423451076
2025-11-22T06:23:37.500463,EGLD/USDT,sell,110.8015799346744,7.233,SHORT_MOMENTUM_PUSH,FILLED,0.0
2025-11-22T06:23:37.796183,APT/USDT,sell,348.3408648096231,2.3007,SHORT_MOMENTUM_PUSH,FILLED,0.0
2025-11-22T06:23:49.367555,XRP/USDT,sell,156.6190172676492,1.9066,SHORT_BREAKOUT_DONCHIAN (VPA Verified),FILLED,0.0
2025-11-22T06:23:50.672626,CHZ/USDT,buy,64708.0,0.02746,ROTATION_SACRIFICE,FILLED,-1.421505344
2025-11-22T06:23:51.004544,1000SHIB/USDT,sell,39064.602083006284,0.007644,SHORT_BREAKOUT_DONCHIAN (VPA Verified),FILLED,0.0
2025-11-22T06:23:51.314180,SEI/USDT,sell,2293.470186808756,0.1302,SHORT_TREND_PULLBACK,FILLED,0.0
2025-11-22T06:23:51.621377,XLM/USDT,sell,1316.1575208149684,0.22688,SHORT_BREAKOUT_DONCHIAN,FILLED,0.0
2025-11-22T06:24:25.564444,UNI/USDT,sell,264.59902096643424,6.167,SHORT_BREAKOUT_DONCHIAN,FILLED,0.0
2025-11-22T06:24:26.943451,APT/USDT,buy,348.3,2.2939,ROTATION_SACRIFICE,FILLED,-0.639172296
2025-11-22T06:24:28.564099,CHZ/USDT,sell,15267.094253814017,0.02753,SHORT_TREND_PULLBACK,FILLED,0.0
2025-11-22T06:24:40.007346,APT/USDT,sell,162.5364832811753,2.3007,SHORT_MOMENTUM_PUSH,FILLED,0.0
2025-11-22T06:24:41.383092,UNI/USDT,buy,264.0,6.167,EXIT_CLIMAX_DUMP,FILLED,-6.052569599999946
2025-11-22T06:27:11.472418,AAVE/USDT,buy,0.65,155.64,PARTIAL_TP_SCALE_OUT (Secure Gains),FILLED,0.9911382000000037
2025-11-22T06:27:20.921276,AAVE/USDT,buy,0.35,155.64,PARTIAL_TP_SCALE_OUT (Secure Gains),FILLED,0.5336898000000019
2025-11-22T06:27:29.627215,AAVE/USDT,buy,0.2,155.64,PARTIAL_TP_SCALE_OUT (Secure Gains),FILLED,0.30496560000000117
2025-11-22T06:27:38.533664,AAVE/USDT,buy,0.1,155.64,PARTIAL_TP_SCALE_OUT (Secure Gains),FILLED,0.15248280000000058
2025-11-22T06:31:10.912432,ALGO/USDT,buy,6025.2,0.1341,EXIT_TRAIL_STOP (ROI 0.1%),FILLED,0.5581745280000345
2025-11-22T17:05:04.490103,ETH/USDT,buy,0.949,2752.28,EXIT_TREND_REVERSAL,FILLED,-30.2919355002491
2025-11-22T17:05:05.799944,ADA/USDT,buy,2020.0,0.402,EXIT_TRAIL_STOP (ROI -1.5%),FILLED,-12.764784000000011
2025-11-22T17:05:07.150694,LINK/USDT,buy,0.44,12.05,EXIT_TREND_REVERSAL,FILLED,-0.11551707200000004
2025-11-22T17:05:08.460266,DOGE/USDT,buy,1152.0,0.1397,EXIT_TREND_REVERSAL,FILLED,-4.585204223999982
2025-11-22T17:05:09.766803,XRP/USDT,buy,156.6,1.9249,EXIT_TRAIL_STOP (ROI -1.0%),FILLED,-3.3092837280000094
2025-11-22T17:05:11.077576,BNB/USDT,buy,3.17,834.39,EXIT_TREND_REVERSAL,FILLED,-62.955667439999786
2025-11-22T17:05:12.383087,APT/USDT,buy,162.5,2.3221,EXIT_TREND_REVERSAL,FILLED,-4.8825400000000005
2025-11-22T17:05:13.688676,IMX/USDT,buy,2659.0,0.3092,EXIT_TRAIL_STOP (ROI -2.7%),FILLED,-22.18701507999999
2025-11-22T17:05:14.999736,VET/USDT,buy,12546.0,0.012713,EXIT_TRAIL_STOP (ROI -1.8%),FILLED,-2.974400661599997
2025-11-22T17:05:16.312284,CRV/USDT,buy,7030.4,0.37,EXIT_TRAIL_STOP (ROI -0.5%),FILLED,-16.13617408000001
2025-11-22T17:05:17.619924,FLOW/USDT,buy,582.6,0.236,EXIT_TRAIL_STOP (ROI -1.7%),FILLED,-2.4394627199999857
2025-11-22T17:05:18.925875,SEI/USDT,buy,2293.0,0.131,EXIT_TREND_REVERSAL,FILLED,-2.3031809200000275
2025-11-22T17:05:20.258841,XLM/USDT,buy,1316.0,0.22883,EXIT_TRAIL_STOP (ROI -1.1%),FILLED,-3.490132016
2025-11-22T17:05:21.566010,1000PEPE/USDT,buy,39381.0,0.0041071,EXIT_TRAIL_STOP (ROI -3.4%),FILLED,-5.439765265319978
2025-11-22T17:05:22.920644,SAND/USDT,buy,1065.0,0.15016,EXIT_TRAIL_STOP (ROI -2.4%),FILLED,-3.8645910599999844
2025-11-22T17:05:24.251931,AXS/USDT,buy,748.0,1.092,EXIT_TRAIL_STOP (ROI -2.3%),FILLED,-19.345972800000098
2025-11-22T17:05:25.560546,AAVE/USDT,buy,0.1,159.66,EXIT_TREND_REVERSAL,FILLED,-0.24967800000000046
2025-11-22T17:05:26.867739,EGLD/USDT,buy,110.8,7.366,EXIT_TREND_REVERSAL,FILLED,-17.151520160003564
2025-11-22T17:05:28.181088,GALA/USDT,buy,5635.0,0.00742,EXIT_TRAIL_STOP (ROI -1.2%),FILLED,-0.5403965000000037
2025-11-22T17:05:29.490045,CHZ/USDT,buy,15267.0,0.02774,EXIT_TREND_REVERSAL,FILLED,-4.611855360000038
2025-11-22T17:05:30.799330,1000SHIB/USDT,buy,39064.0,0.007712,EXIT_TREND_REVERSAL,FILLED,-3.2477340831999926
2025-11-22T17:05:32.113048,1000FLOKI/USDT,buy,3486.0,0.04521,EXIT_TRAIL_STOP (ROI -0.8%),FILLED,-1.3456936080000108
2025-11-22T17:05:42.398845,ADA/USDT,buy,11715.54374687034,0.4026,LONG_LIQUIDITY_GRAB (Pinbar),FILLED,0.0
2025-11-22T17:05:42.711134,BNB/USDT,buy,5.652845686657318,834.39,LONG_LIQUIDITY_GRAB (Pinbar),FILLED,0.0
2025-11-22T17:05:43.028735,LINK/USDT,sell,391.91341192272534,12.035,SHORT_MEAN_REVERSION (Range),FILLED,0.0
2025-11-22T17:05:43.337002,XLM/USDT,sell,20597.74624433381,0.22899,SHORT_LIQUIDITY_GRAB (Pinbar),FILLED,0.0
2025-11-22T17:05:43.637365,QNT/USDT,sell,62.98141157016958,74.89,SHORT_LIQUIDITY_GRAB (Pinbar),FILLED,0.0
2025-11-22T17:05:43.941912,1000SHIB/USDT,buy,611602.426412085,0.007712,LONG_LIQUIDITY_GRAB (Pinbar),FILLED,0.0
2025-11-22T17:05:45.251408,XTZ/USDT,buy,244.6,0.484,ROTATION_SACRIFICE,FILLED,-0.09470912
2025-11-22T17:05:46.849982,EGLD/USDT,buy,186.5964022388002,7.366,LONG_LIQUIDITY_GRAB (Pinbar),FILLED,0.0
2025-11-22T17:05:58.394121,XTZ/USDT,buy,244.6,0.487,EXIT_TREND_REVERSAL,"FAILED: binance {""code"":-2022,""msg"":""reduceonly order is rejected.""}",0.0
2025-11-22T17:06:09.582063,BNB/USDT,sell,5.65,834.5,"EXIT_STAGNATION (Duration 10.7h, ROI -0.01%)",FILLED,-4.28064340000018
2025-11-22T17:06:10.891881,LINK/USDT,buy,391.91,12.035,EXIT_TREND_REVERSAL,FILLED,-17.87642597599984
2025-11-22T17:06:12.200625,ADA/USDT,sell,11715.0,0.4026,EXIT_TREND_REVERSAL,FILLED,-3.7731672
2025-11-22T17:06:13.546307,XLM/USDT,buy,20597.0,0.22899,"EXIT_STAGNATION (Duration 10.7h, ROI -0.10%)",FILLED,-8.508620700000165
2025-11-22T17:06:14.853375,EGLD/USDT,sell,186.5,7.366,"EXIT_STAGNATION (Duration 10.7h, ROI -0.05%)",FILLED,-1.8453056000000836
2025-11-22T17:06:16.157538,1000SHIB/USDT,sell,611602.0,0.007704,"EXIT_STAGNATION (Duration 10.7h, ROI -0.01%)",FILLED,-4.381272087200081
2025-11-22T17:13:13.823423,TRX/USDT,sell,16487.203774121685,0.27382,SHORT_LIQUIDITY_GRAB (Pinbar),FILLED,0.0
2025-11-22T17:13:14.134275,BTC/USDT,buy,0.05331624204961352,84674.5,LONG_LIQUIDITY_GRAB (Pinbar),FILLED,0.0
2025-11-22T17:14:22.446269,CRV/USDT,buy,12121.310529274195,0.372,LONG_SQUEEZE_BREAKOUT,FILLED,0.0
2025-11-22T17:14:31.888406,RENDER/USDT,buy,2661.7925941169524,1.693,LONG_BREAKOUT_DONCHIAN (VPA Verified),FILLED,0.0
2025-11-22T17:14:33.203318,CRV/USDT,sell,12121.3,0.372,EXIT_TREND_REVERSAL,FILLED,-15.580386199849219
2025-11-22T17:14:42.131510,CRV/USDT,buy,12000.539168346771,0.372,LONG_SQUEEZE_BREAKOUT,FILLED,0.0
2025-11-22T17:14:51.823134,CRV/USDT,sell,12000.5,0.372,EXIT_TREND_REVERSAL,FILLED,-15.57664900000001
2025-11-22T17:15:00.804945,CRV/USDT,buy,11889.360342540323,0.372,LONG_SQUEEZE_BREAKOUT,FILLED,0.0
2025-11-22T17:15:36.093517,LINK/USDT,sell,366.6678740841974,12.055,SHORT_MEAN_REVERSION (Range),FILLED,0.0
2025-11-22T17:15:36.399674,SAND/USDT,buy,29401.23202131834,0.15034,LONG_SQUEEZE_BREAKOUT,FILLED,0.0
2025-11-22T17:15:37.730574,CRV/USDT,sell,11889.3,0.372,EXIT_TREND_REVERSAL,FILLED,-15.43231140000001
2025-11-22T17:15:46.540515,CRV/USDT,buy,11764.983680806452,0.372,LONG_SQUEEZE_BREAKOUT,FILLED,0.0
2025-11-22T17:15:47.850021,LINK/USDT,buy,366.66,12.055,EXIT_TREND_REVERSAL,FILLED,-24.42732919200014
2025-11-22T17:15:56.743451,LINK/USDT,sell,359.4952404960597,12.055,SHORT_MEAN_REVERSION (Range),FILLED,0.0
2025-11-22T17:15:58.062284,CRV/USDT,sell,11764.9,0.373,ROTATION_SACRIFICE,FILLED,-3.5106461600000003
2025-11-22T17:15:58.370772,ETC/USDT,sell,321.34918613228524,13.486,SHORT_LIQUIDITY_GRAB (Pinbar),FILLED,0.0
2025-11-22T17:15:59.691178,TRX/USDT,buy,16487.0,0.2735,ROTATION_SACRIFICE,FILLED,-3.6073556000000004
2025-11-22T17:16:00.000367,1000SHIB/USDT,sell,561798.6938268082,0.007714,SHORT_LIQUIDITY_GRAB (Pinbar),FILLED,0.0
2025-11-22T17:16:11.554643,CRV/USDT,sell,11764.9,0.372,EXIT_TREND_REVERSAL,"FAILED: binance {""code"":-2022,""msg"":""reduceonly order is rejected.""}",0.0
2025-11-22T17:16:20.382042,TRX/USDT,sell,4603.826383371065,0.27386,SHORT_LIQUIDITY_GRAB (Pinbar),FILLED,0.0
2025-11-22T17:16:21.698785,ETC/USDT,buy,321.34,13.407,ROTATION_SACRIFICE,FILLED,-3.446564304
2025-11-22T17:16:22.004197,LDO/USDT,sell,2026.3643416104146,0.6222,SHORT_MEAN_REVERSION (Range),FILLED,0.0
2025-11-22T17:16:23.316305,LINK/USDT,buy,359.49,12.055,EXIT_TREND_REVERSAL,FILLED,-23.949655188000136
2025-11-22T17:16:34.959515,ETC/USDT,buy,321.34,13.486,EXIT_TREND_REVERSAL,"FAILED: binance {""code"":-2022,""msg"":""reduceonly order is rejected.""}",0.0
2025-11-22T17:16:36.305411,1000SHIB/USDT,buy,561798.0,0.007714,EXIT_TREND_REVERSAL,FILLED,-9.644273906400333
2025-11-22T17:16:46.743397,AVAX/USDT,buy,312.6342492324826,13.244,LONG_LIQUIDITY_GRAB (Pinbar),FILLED,0.0
2025-11-22T17:16:47.039227,LINK/USDT,sell,343.4697633210286,12.055,SHORT_MEAN_REVERSION (Range),FILLED,0.0
2025-11-22T17:16:48.345321,LDO/USDT,buy,2026.0,0.6219,ROTATION_SACRIFICE,FILLED,-1.00797552
2025-11-22T17:16:48.650660,1000SHIB/USDT,sell,536754.9905152968,0.007714,SHORT_LIQUIDITY_GRAB (Pinbar),FILLED,0.0
2025-11-22T17:17:00.172097,LDO/USDT,buy,2026.0,0.6222,EXIT_TREND_REVERSAL,"FAILED: binance {""code"":-2022,""msg"":""reduceonly order is rejected.""}",0.0
2025-11-22T17:17:11.171650,LINK/USDT,buy,343.46,12.055,EXIT_TREND_REVERSAL,FILLED,-22.88171735200013
2025-11-22T17:17:12.479625,1000SHIB/USDT,buy,536754.0,0.007714,EXIT_TREND_REVERSAL,FILLED,-0.0931804944000385
2025-11-22T17:17:21.818270,LINK/USDT,sell,338.8384908403152,12.055,SHORT_MEAN_REVERSION (Range),FILLED,0.0
2025-11-22T17:17:23.438106,THETA/USDT,buy,5912.996536016213,0.3454,LONG_SQUEEZE_BREAKOUT,FILLED,0.0
2025-11-22T17:17:24.753746,TRX/USDT,buy,4603.0,0.2737817445144,ROTATION_SACRIFICE,FILLED,-1.0081738959998268
2025-11-22T17:17:26.453712,1000SHIB/USDT,sell,221780.80132880443,0.007714,SHORT_LIQUIDITY_GRAB (Pinbar),FILLED,0.0
2025-11-22T17:17:35.929379,TRX/USDT,sell,5150.868304772513,0.27386,SHORT_LIQUIDITY_GRAB (Pinbar),FILLED,0.0
2025-11-22T17:17:37.246425,LINK/USDT,buy,338.83,12.075,EXIT_TREND_REVERSAL,FILLED,-29.352571835999985
2025-11-22T17:17:38.560874,1000SHIB/USDT,buy,221780.0,0.007714,EXIT_TREND_REVERSAL,FILLED,-0.26019229600004534
2025-11-22T17:17:48.022494,LINK/USDT,sell,333.40186969192547,12.075,SHORT_MEAN_REVERSION (Range),FILLED,0.0
2025-11-22T17:17:59.889742,LINK/USDT,buy,333.4,12.075,EXIT_TREND_REVERSAL,FILLED,-28.882175279999984
2025-11-22T17:18:09.279795,LINK/USDT,sell,329.73115640000003,12.075,SHORT_MEAN_REVERSION (Range),FILLED,0.0
2025-11-22T17:18:21.067436,LINK/USDT,buy,329.73,12.075,EXIT_TREND_REVERSAL,FILLED,-28.56424611599999
2025-11-22T17:18:30.180614,LINK/USDT,sell,326.1008495813665,12.075,SHORT_MEAN_REVERSION (Range),FILLED,0.0
2025-11-22T17:18:31.496022,AVAX/USDT,sell,312.0,13.248,ROTATION_SACRIFICE,FILLED,-3.3067008
2025-11-22T17:18:31.801195,EGLD/USDT,sell,533.7039521137165,7.378,SHORT_LIQUIDITY_GRAB (Pinbar),FILLED,0.0
2025-11-22T17:18:40.720237,LINK/USDT,buy,326.1,12.075,EXIT_TREND_REVERSAL,FILLED,-28.24978211999999
2025-11-22T17:18:42.026757,EGLD/USDT,buy,533.7,7.378,EXIT_TREND_REVERSAL,FILLED,-10.618922160000126
2025-11-22T17:18:50.346826,WIF/USDT,buy,11591.174622381097,0.3322,LONG_MOMENTUM_PUSH,FILLED,0.0
2025-11-22T17:18:50.656152,LINK/USDT,sell,318.8892927167702,12.075,SHORT_MEAN_REVERSION (Range),FILLED,0.0
2025-11-22T17:18:51.983784,SAND/USDT,sell,29401.0,0.15041,ROTATION_SACRIFICE,FILLED,-3.5377635279999997
2025-11-22T17:18:52.299575,ATOM/USDT,sell,1547.0422698091604,2.489,SHORT_LIQUIDITY_GRAB (Pinbar),FILLED,0.0
2025-11-22T17:18:53.612733,BTC/USDT,sell,0.053,84688.8,ROTATION_SACRIFICE,FILLED,-3.59080512
2025-11-22T17:18:53.931226,EGLD/USDT,sell,521.9013566759285,7.378,SHORT_LIQUIDITY_GRAB (Pinbar),FILLED,0.0
2025-11-22T17:19:01.837220,BTC/USDT,buy,0.020534108679595195,84711.9,LONG_LIQUIDITY_GRAB (Pinbar),FILLED,0.0
2025-11-22T17:19:03.153430,LINK/USDT,buy,318.88,12.075,EXIT_TREND_REVERSAL,FILLED,-27.624319295999985
2025-11-22T17:19:04.467029,ATOM/USDT,buy,1547.04,2.489,EXIT_TREND_REVERSAL,FILLED,-4.626887231999829
2025-11-22T17:19:05.780194,EGLD/USDT,buy,521.9,7.378,EXIT_TREND_REVERSAL,FILLED,-10.384139920000122
2025-11-22T17:19:14.427974,LINK/USDT,sell,311.16802018136644,12.075,SHORT_MEAN_REVERSION (Range),FILLED,0.0
2025-11-22T17:19:14.735278,ATOM/USDT,sell,1509.5837057814383,2.489,SHORT_LIQUIDITY_GRAB (Pinbar),FILLED,0.0
2025-11-22T17:19:15.054667,EGLD/USDT,sell,509.26454915830845,7.378,SHORT_LIQUIDITY_GRAB (Pinbar),FILLED,0.0
2025-11-22T17:19:24.006708,LINK/USDT,buy,311.16,12.059,EXIT_TREND_REVERSAL,FILLED,-21.974990447999982
2025-11-22T17:19:25.313973,ATOM/USDT,buy,1509.58,2.489,EXIT_TREND_REVERSAL,FILLED,-4.514851863999834
2025-11-22T17:19:26.802536,EGLD/USDT,buy,509.2,7.378,EXIT_TREND_REVERSAL,FILLED,-10.131450560000118
2025-11-22T17:19:35.243317,LINK/USDT,sell,305.69501357409405,12.059,SHORT_MEAN_REVERSION (Range),FILLED,0.0
2025-11-22T17:19:35.552096,ATOM/USDT,sell,1481.06716299317,2.489,SHORT_LIQUIDITY_GRAB (Pinbar),FILLED,0.0
2025-11-22T17:19:37.164142,EGLD/USDT,sell,249.82218546286256,7.378,SHORT_LIQUIDITY_GRAB (Pinbar),FILLED,0.0
2025-11-22T17:19:46.186245,LINK/USDT,buy,305.69,12.059,EXIT_TREND_REVERSAL,FILLED,-21.588683731999982
2025-11-22T17:19:47.495885,ATOM/USDT,buy,1481.06,2.489,EXIT_TREND_REVERSAL,FILLED,-4.429554247999837
2025-11-22T17:19:48.805699,EGLD/USDT,buy,249.8,7.378,EXIT_TREND_REVERSAL,FILLED,-4.9702206400000595
2025-11-22T17:19:56.660902,LINK/USDT,sell,300.66054995356166,12.059,SHORT_MEAN_REVERSION (Range),FILLED,0.0
2025-11-22T17:19:56.962085,ATOM/USDT,sell,1456.6756014021694,2.489,SHORT_LIQUIDITY_GRAB (Pinbar),FILLED,0.0
2025-11-22T17:19:58.272691,RENDER/USDT,sell,2661.7,1.694,ROTATION_SACRIFICE,FILLED,-4.5089198
2025-11-22T17:19:58.584877,EGLD/USDT,sell,491.4157728232583,7.378,SHORT_LIQUIDITY_GRAB (Pinbar),FILLED,0.0
2025-11-22T17:20:09.241657,LINK/USDT,buy,300.66,12.059,EXIT_TREND_REVERSAL,FILLED,-21.233451047999985
2025-11-22T17:20:10.564755,ATOM/USDT,buy,1456.67,2.489,EXIT_TREND_REVERSAL,FILLED,-2.900521304
2025-11-22T17:20:11.900062,EGLD/USDT,buy,491.4,7.378,EXIT_TREND_REVERSAL,FILLED,-9.777287520000115
2025-11-22T17:20:22.212803,LINK/USDT,sell,294.3652949017332,12.059,SHORT_MEAN_REVERSION (Range),FILLED,0.0
2025-11-22T17:20:22.508533,RENDER/USDT,sell,2095.484705560803,1.694,SHORT_LIQUIDITY_GRAB (Pinbar),FILLED,0.0
2025-11-22T17:20:22.805311,ATOM/USDT,sell,1426.1756091683408,2.489,SHORT_LIQUIDITY_GRAB (Pinbar),FILLED,0.0
2025-11-22T17:20:23.122530,EGLD/USDT,sell,481.1264693982109,7.378,SHORT_LIQUIDITY_GRAB (Pinbar),FILLED,0.0
2025-11-22T17:20:35.729244,LINK/USDT,buy,294.36,12.059,EXIT_TREND_REVERSAL,FILLED,-20.788527407999982
2025-11-22T17:20:37.048309,ATOM/USDT,buy,1426.17,2.489,EXIT_TREND_REVERSAL,FILLED,-2.839789704
2025-11-22T17:20:38.361656,EGLD/USDT,buy,481.1,7.383,EXIT_TREND_REVERSAL,FILLED,-11.978812680000063
2025-11-22T17:20:39.675549,RENDER/USDT,buy,2095.4,1.694,EXIT_TREND_REVERSAL,FILLED,-5.6439598999997695
2025-11-22T17:20:49.801374,LINK/USDT,sell,288.09799764574177,12.059,SHORT_MEAN_REVERSION (Range),FILLED,0.0
2025-11-22T17:20:50.105671,RENDER/USDT,sell,2050.8699844214875,1.694,SHORT_LIQUIDITY_GRAB (Pinbar),FILLED,0.0
2025-11-22T17:20:50.410582,ATOM/USDT,sell,1395.8110701526718,2.489,SHORT_LIQUIDITY_GRAB (Pinbar),FILLED,0.0
2025-11-22T17:20:52.057197,EGLD/USDT,sell,235.28198250101585,7.383,SHORT_LIQUIDITY_GRAB (Pinbar),FILLED,0.0
2025-11-22T17:21:02.640670,XRP/USDT,sell,830.7041342951209,1.9287,SHORT_LIQUIDITY_GRAB (Pinbar),FILLED,0.0
2025-11-22T17:21:03.954436,LINK/USDT,buy,288.09,12.059,EXIT_TREND_REVERSAL,FILLED,-20.345722451999983
2025-11-22T17:21:05.277777,ATOM/USDT,buy,1395.81,2.489,EXIT_TREND_REVERSAL,FILLED,-2.779336872
2025-11-22T17:21:06.591951,EGLD/USDT,buy,235.2,7.383,EXIT_TREND_REVERSAL,FILLED,-5.85619776000003
2025-11-22T17:21:07.903436,RENDER/USDT,buy,2050.8,1.694,EXIT_TREND_REVERSAL,FILLED,-5.523829799999774
2025-11-22T17:21:17.649187,LINK/USDT,sell,283.18985085620704,12.059,SHORT_MEAN_REVERSION (Range),FILLED,0.0
2025-11-22T17:21:17.945232,RENDER/USDT,sell,2015.930585286305,1.694,SHORT_LIQUIDITY_GRAB (Pinbar),FILLED,0.0
2025-11-22T17:21:18.241596,EGLD/USDT,sell,462.5472587667615,7.383,SHORT_LIQUIDITY_GRAB (Pinbar),FILLED,0.0
2025-11-22T17:21:27.485953,LINK/USDT,buy,283.18,11.998,EXIT_TREND_REVERSAL,FILLED,-2.718074912
2025-11-22T17:21:28.793399,EGLD/USDT,buy,462.5,7.383,EXIT_TREND_REVERSAL,FILLED,-11.515695000000058
2025-11-22T17:21:30.101494,RENDER/USDT,buy,2015.9,1.694,EXIT_TREND_REVERSAL,FILLED,-7.444718700000005
2025-11-22T17:24:55.112579,TRX/USDT,sell,12040.607771050903,0.27386,SHORT_LIQUIDITY_GRAB (Pinbar),FILLED,0.0
2025-11-22T17:24:55.436311,AVAX/USDT,sell,249.2962005125879,13.227,SHORT_LIQUIDITY_GRAB (Pinbar),FILLED,0.0
2025-11-22T17:24:55.752516,WIF/USDT,buy,9917.115320842106,0.3325,LONG_MOMENTUM_PUSH,FILLED,0.0
2025-11-22T17:24:56.069516,LINK/USDT,sell,273.28367679264045,12.066,SHORT_MEAN_REVERSION (Range),FILLED,0.0
2025-11-22T17:24:56.386598,ADA/USDT,buy,8186.29802428004,0.4028,LONG_LIQUIDITY_GRAB (Pinbar),FILLED,0.0
2025-11-22T17:24:56.697903,BTC/USDT,buy,0.03891575451513463,84732.8,LONG_LIQUIDITY_GRAB (Pinbar),FILLED,0.0
2025-11-22T17:24:58.067309,TRX/USDT,buy,12040.607771050903,0.27386,ROTATION_SACRIFICE,FILLED,-2.637952675344
2025-11-22T17:24:58.444933,VET/USDT,buy,259436.73046262783,0.01271,LONG_LIQUIDITY_GRAB (Pinbar),FILLED,0.0
2025-11-22T17:24:59.764755,AVAX/USDT,buy,249.2962005125879,13.227,ROTATION_SACRIFICE,FILLED,-2.637952675344
2025-11-22T17:25:00.077538,LDO/USDT,sell,5303.05700254101,0.6218,SHORT_LIQUIDITY_GRAB (Pinbar),FILLED,0.0
2025-11-22T17:25:01.445987,WIF/USDT,sell,9917.115320842106,0.3325,ROTATION_SACRIFICE,FILLED,-3.29744084418
2025-11-22T17:25:01.762140,ALGO/USDT,buy,24479.88748463252,0.1347,LONG_LIQUIDITY_GRAB (Pinbar),FILLED,0.0
2025-11-22T17:25:03.091229,LINK/USDT,buy,273.28367679264045,12.066,ROTATION_SACRIFICE,FILLED,-2.6379526753439997
2025-11-22T17:25:03.401501,TIA/USDT,sell,5297.944801060412,0.6224,SHORT_LIQUIDITY_GRAB (Pinbar),FILLED,0.0
2025-11-22T17:25:12.882315,TRX/USDT,sell,5052.918119422332,0.27386,SHORT_LIQUIDITY_GRAB (Pinbar),FILLED,0.0
2025-11-22T17:25:14.197259,TIA/USDT,buy,5297.0,0.6215033226355,ROTATION_SACRIFICE,FILLED,-3.2921031000002436
2025-11-22T17:25:14.504345,AVAX/USDT,sell,104.61874621493912,13.227,SHORT_LIQUIDITY_GRAB (Pinbar),FILLED,0.0
2025-11-22T17:25:14.816222,LINK/USDT,sell,114.68524417246807,12.066,SHORT_MEAN_REVERSION (Range),FILLED,0.0
2025-11-22T17:25:16.134926,LDO/USDT,buy,5303.0,0.6211,ROTATION_SACRIFICE,FILLED,-2.63495464
2025-11-22T17:25:16.500210,THETA/USDT,sell,4014.4826115027554,0.3447,SHORT_LIQUIDITY_GRAB (Pinbar),FILLED,0.0
2025-11-22T17:25:17.827788,ADA/USDT,sell,8186.0,0.4028,EXIT_TREND_REVERSAL,FILLED,-3.45678407999991
2025-11-22T17:25:53.765802,RENDER/USDT,buy,1837.0422615794114,1.7,LONG_BREAKOUT_DONCHIAN (VPA Verified),FILLED,0.0
2025-11-22T17:25:54.067187,VET/USDT,buy,245709.82255586146,0.01271,LONG_LIQUIDITY_GRAB (Pinbar),FILLED,0.0
2025-11-22T17:25:55.412547,LINK/USDT,buy,114.68,11.998,ROTATION_SACRIFICE,FILLED,-1.1007445120000001
2025-11-22T17:25:55.740033,1000SHIB/USDT,buy,404739.74140552094,0.007716,LONG_SQUEEZE_BREAKOUT,FILLED,0.0
2025-11-22T17:25:57.048245,AVAX/USDT,buy,104.0,13.211,ROTATION_SACRIFICE,FILLED,-1.0991552
2025-11-22T17:25:58.695677,TIA/USDT,sell,1557.862965815996,0.6224,SHORT_LIQUIDITY_GRAB (Pinbar),FILLED,0.0
2025-11-22T17:26:02.860982,ALGO/USDT,sell,24479.8,0.1346,EXIT_TREND_REVERSAL,FILLED,-5.08494405599973
2025-11-22T17:26:04.172586,THETA/USDT,buy,4014.4,0.3447,EXIT_TREND_REVERSAL,FILLED,-2.31084921600009
2025-11-22T17:26:14.364999,AVAX/USDT,sell,232.02314481288275,13.227,SHORT_LIQUIDITY_GRAB (Pinbar),FILLED,0.0
2025-11-22T17:26:15.681458,RENDER/USDT,sell,1837.0,1.701,ROTATION_SACRIFICE,FILLED,-3.124737
2025-11-22T17:26:15.990625,THETA/USDT,sell,8903.307619495214,0.3447,SHORT_LIQUIDITY_GRAB (Pinbar),FILLED,0.0
2025-11-22T17:26:17.326791,VET/USDT,sell,245709.0,0.01271,EXIT_TREND_REVERSAL,FILLED,-3.235790962799885
2025-11-22T17:26:18.651687,TIA/USDT,buy,1557.0,0.6224,EXIT_TREND_REVERSAL,FILLED,-2.3696761499998455
2025-11-22T17:26:27.485361,VET/USDT,buy,237881.4232824547,0.01271,LONG_LIQUIDITY_GRAB (Pinbar),FILLED,0.0
2025-11-22T17:26:27.796656,TIA/USDT,sell,4864.799501078036,0.6215,SHORT_LIQUIDITY_GRAB (Pinbar),FILLED,0.0
2025-11-22T17:26:29.115792,AVAX/USDT,buy,232.0,13.227,EXIT_TREND_REVERSAL,FILLED,-6.165446400000004
2025-11-22T17:26:30.433838,THETA/USDT,buy,8903.3,0.3447,EXIT_TREND_REVERSAL,FILLED,-5.1250956120002
2025-11-22T17:26:40.469280,AVAX/USDT,sell,226.7945427477886,13.227,SHORT_LIQUIDITY_GRAB (Pinbar),FILLED,0.0
2025-11-22T17:26:40.788940,FLOW/USDT,sell,12711.06532595339,0.236,SHORT_LIQUIDITY_GRAB (Pinbar),FILLED,0.0
2025-11-22T17:26:42.121808,1000SHIB/USDT,sell,404739.0,0.007723,ROTATION_SACRIFICE,FILLED,-2.5006394376000003
2025-11-22T17:26:42.491596,THETA/USDT,sell,8702.673098128807,0.3447,SHORT_LIQUIDITY_GRAB (Pinbar),FILLED,0.0
2025-11-22T17:26:43.811241,VET/USDT,sell,237881.0,0.01271,EXIT_TREND_REVERSAL,FILLED,-3.1327024651998885
2025-11-22T17:26:45.130796,TIA/USDT,buy,4864.0,0.6215,EXIT_TREND_REVERSAL,FILLED,-3.5091328000004864
2025-11-22T17:26:56.867727,VET/USDT,buy,231635.26953658537,0.01271,LONG_LIQUIDITY_GRAB (Pinbar),FILLED,0.0
2025-11-22T17:26:58.196591,FLOW/USDT,buy,12711.0,0.235,ROTATION_SACRIFICE,FILLED,-2.3896680000000003
2025-11-22T17:26:58.505264,TIA/USDT,sell,4737.062390683829,0.6215,SHORT_LIQUIDITY_GRAB (Pinbar),FILLED,0.0
2025-11-22T17:26:59.924747,AVAX/USDT,buy,226.0,13.231,EXIT_TREND_REVERSAL,FILLED,-6.9693332006997935
2025-11-22T17:27:01.248815,THETA/USDT,buy,8702.6,0.3447,EXIT_TREND_REVERSAL,FILLED,-5.009564664000195
2025-11-22T17:27:11.053891,FLOW/USDT,sell,12207.58982822034,0.236,SHORT_LIQUIDITY_GRAB (Pinbar),FILLED,0.0
2025-11-22T17:27:11.354312,EGLD/USDT,sell,389.58636909533476,7.395,SHORT_MEAN_REVERSION (Range),FILLED,0.0
2025-11-22T17:27:12.660559,VET/USDT,sell,231635.0,0.01271,EXIT_TREND_REVERSAL,FILLED,-4.440813565999674
2025-11-22T17:27:14.025882,TIA/USDT,buy,4737.0,0.6215,EXIT_TREND_REVERSAL,FILLED,-3.417508650000474
2025-11-22T17:27:25.133184,VET/USDT,buy,222662.0497045633,0.01271,LONG_LIQUIDITY_GRAB (Pinbar),FILLED,0.0
2025-11-22T17:27:25.435460,ETC/USDT,sell,209.95879900178053,13.479,SHORT_LIQUIDITY_GRAB (Pinbar),FILLED,0.0
2025-11-22T17:27:26.747866,FLOW/USDT,buy,12207.5,0.235,ROTATION_SACRIFICE,FILLED,-2.29501
2025-11-22T17:27:27.058683,TIA/USDT,sell,4553.555352767497,0.6215,SHORT_LIQUIDITY_GRAB (Pinbar),FILLED,0.0
2025-11-22T17:27:28.368232,EGLD/USDT,buy,389.5,7.395,EXIT_TREND_REVERSAL,FILLED,-14.37395219999988
2025-11-22T17:27:38.463182,FLOW/USDT,sell,11716.770183050847,0.236,SHORT_LIQUIDITY_GRAB (Pinbar),FILLED,0.0
2025-11-22T17:27:40.083035,EGLD/USDT,sell,155.47801623022315,7.395,SHORT_MEAN_REVERSION (Range),FILLED,0.0
2025-11-22T17:27:41.400417,VET/USDT,sell,222662.0,0.01271,EXIT_TREND_REVERSAL,FILLED,-4.04603573439985
2025-11-22T17:27:42.711645,TIA/USDT,buy,4553.0,0.6215,EXIT_TREND_REVERSAL,FILLED,-3.7398342000004052
2025-11-22T17:27:52.884795,VET/USDT,buy,213772.82445318648,0.01271,LONG_LIQUIDITY_GRAB (Pinbar),FILLED,0.0
2025-11-22T17:27:53.199091,ALGO/USDT,buy,20186.126291233286,0.1346,LONG_LIQUIDITY_GRAB (Pinbar),FILLED,0.0
2025-11-22T17:27:54.519930,FLOW/USDT,buy,11716.7,0.235,ROTATION_SACRIFICE,FILLED,-2.2027396
2025-11-22T17:27:54.844889,TIA/USDT,sell,4371.766047948512,0.6215,SHORT_LIQUIDITY_GRAB (Pinbar),FILLED,0.0
2025-11-22T17:27:56.163944,EGLD/USDT,buy,155.4,7.395,EXIT_TREND_REVERSAL,FILLED,-5.734819439999953
2025-11-22T17:28:04.449069,FLOW/USDT,sell,8155.049662817797,0.236,SHORT_LIQUIDITY_GRAB (Pinbar),FILLED,0.0
2025-11-22T17:28:05.766022,ETC/USDT,buy,209.95,13.407,ROTATION_SACRIFICE,FILLED,-2.25183972
2025-11-22T17:28:06.090196,XLM/USDT,sell,8444.525121429511,0.22791,SHORT_LIQUIDITY_GRAB (Pinbar),FILLED,0.0
2025-11-22T17:28:07.692036,EGLD/USDT,sell,63.686755856490876,7.395,SHORT_MEAN_REVERSION (Range),FILLED,0.0
2025-11-22T17:28:09.025669,VET/USDT,sell,213772.0,0.01271,EXIT_TREND_REVERSAL,FILLED,-3.2355202731929023
2025-11-22T17:28:10.336323,ALGO/USDT,sell,20186.1,0.1346,EXIT_TREND_REVERSAL,FILLED,-4.193056691999777
2025-11-22T17:28:11.706924,TIA/USDT,buy,4371.0,0.6215,EXIT_TREND_REVERSAL,FILLED,-3.5903394000003894
2025-11-22T17:28:20.584553,LINK/USDT,sell,212.7663998127589,12.07,SHORT_MEAN_REVERSION (Range),FILLED,0.0
2025-11-22T17:28:20.891838,BNB/USDT,buy,3.0833858968158676,832.88,LONG_LIQUIDITY_GRAB (Pinbar),FILLED,0.0
2025-11-22T17:28:21.200382,VET/USDT,buy,201909.77637707366,0.012719,LONG_LIQUIDITY_GRAB (Pinbar),FILLED,0.0
2025-11-22T17:28:22.517552,FLOW/USDT,buy,8155.0,0.235,ROTATION_SACRIFICE,FILLED,-1.53314
2025-11-22T17:28:24.137881,ETC/USDT,sell,77.92348782072112,13.479,SHORT_LIQUIDITY_GRAB (Pinbar),FILLED,0.0
2025-11-22T17:28:25.456942,EGLD/USDT,buy,63.6,7.364,ROTATION_SACRIFICE,FILLED,-0.37468032
2025-11-22T17:28:27.092482,ALGO/USDT,buy,5749.554632066401,0.1346,LONG_LIQUIDITY_GRAB (Pinbar),FILLED,0.0
2025-11-22T17:28:28.443050,TRX/USDT,buy,5052.0,0.27381,ROTATION_SACRIFICE,FILLED,-1.106630496
2025-11-22T17:28:30.067968,TIA/USDT,sell,1710.947924497139,0.6215,SHORT_LIQUIDITY_GRAB (Pinbar),FILLED,0.0
2025-11-22T17:28:39.584410,TRX/USDT,sell,3045.480626305221,0.2739,SHORT_LIQUIDITY_GRAB (Pinbar),FILLED,0.0
2025-11-22T17:28:40.892487,LINK/USDT,buy,212.76,12.07,EXIT_TREND_REVERSAL,FILLED,-17.3670030720002
2025-11-22T17:28:42.201577,VET/USDT,sell,201909.0,0.012719,EXIT_TREND_REVERSAL,FILLED,-2.6604337476002557
2025-11-22T17:28:43.508730,ALGO/USDT,sell,5749.5,0.1346,EXIT_TREND_REVERSAL,FILLED,-1.1942861399999367
2025-11-22T17:28:44.817297,TIA/USDT,buy,1710.0,0.6212,EXIT_TREND_REVERSAL,FILLED,-1.062252
2025-11-22T17:34:30.369011,TRX/USDT,sell,8790.775263939095,0.27387,SHORT_LIQUIDITY_GRAB (Pinbar),FILLED,0.0
2025-11-22T17:34:30.663637,LTC/USDT,sell,29.36369827460666,81.99,SHORT_LIQUIDITY_GRAB (Pinbar),FILLED,0.0
2025-11-22T17:34:30.996520,APE/USDT,sell,8688.306104420786,0.2771,SHORT_SQUEEZE_BREAKOUT,FILLED,0.0
2025-11-22T17:34:31.304558,KAVA/USDT,sell,21174.403003825857,0.1137,SHORT_SQUEEZE_BREAKOUT,FILLED,0.0
2025-11-22T17:35:08.030912,BTC/USDT,buy,0.02838702431699318,84607.5,LONG_LIQUIDITY_GRAB (Pinbar),FILLED,0.0
2025-11-22T17:35:09.336918,LTC/USDT,buy,29.363,81.99,EXIT_TREND_REVERSAL,FILLED,-2.2194904439997334
2025-11-22T17:35:18.362575,LTC/USDT,sell,28.989606599890227,81.99,SHORT_LIQUIDITY_GRAB (Pinbar),FILLED,0.0
2025-11-22T17:35:18.674746,NEAR/USDT,buy,1313.9070453980098,1.809,LONG_LIQUIDITY_GRAB (Pinbar),FILLED,0.0
2025-11-22T17:35:28.698788,OP/USDT,sell,4473.308869846564,0.2998,SHORT_LIQUIDITY_GRAB (Pinbar),FILLED,0.0
2025-11-22T17:35:30.023976,LTC/USDT,buy,28.989,81.99,EXIT_TREND_REVERSAL,FILLED,-2.1912205319997367
2025-11-22T17:35:31.719234,NEAR/USDT,sell,1313.0,1.809,EXIT_TREND_REVERSAL,FILLED,-0.5866484000001448
2025-11-22T17:35:40.793769,LTC/USDT,sell,28.6244668307514,81.98,SHORT_LIQUIDITY_GRAB (Pinbar),FILLED,0.0
2025-11-22T17:35:41.141611,NEAR/USDT,buy,1226.2358696402712,1.809,LONG_LIQUIDITY_GRAB (Pinbar),FILLED,0.0
2025-11-22T17:35:51.753190,LTC/USDT,buy,28.624,81.98,EXIT_TREND_REVERSAL,FILLED,-1.877276416
2025-11-22T17:35:53.064272,NEAR/USDT,sell,1226.0,1.809,EXIT_TREND_REVERSAL,FILLED,-0.5477768000001351
2025-11-22T17:36:03.852025,LTC/USDT,sell,28.273275127897044,81.98,SHORT_LIQUIDITY_GRAB (Pinbar),FILLED,0.0
2025-11-22T17:36:04.162783,NEAR/USDT,buy,1147.6458511355725,1.809,LONG_LIQUIDITY_GRAB (Pinbar),FILLED,0.0
2025-11-22T17:36:15.732118,SOL/USDT,sell,0.8184543659639872,126.83,SHORT_LIQUIDITY_GRAB (Pinbar),"FAILED: binance {""code"":-2019,""msg"":""margin is insufficient.""}",0.0
2025-11-22T17:36:26.709958,GALA/USDT,buy,9571.839128726286,0.00738,LONG_LIQUIDITY_GRAB (Pinbar),FILLED,0.0
2025-11-22T17:36:28.023015,LTC/USDT,buy,28.273,81.98,EXIT_TREND_REVERSAL,FILLED,-1.8542564320000001
2025-11-22T17:36:29.334911,NEAR/USDT,sell,1147.0,1.809,EXIT_TREND_REVERSAL,FILLED,-0.5124796000001264
2025-11-22T17:36:39.058330,LTC/USDT,sell,27.92873572926323,81.98,SHORT_LIQUIDITY_GRAB (Pinbar),FILLED,0.0
2025-11-22T17:36:39.354753,NEAR/USDT,buy,1021.572061088585,1.809,LONG_LIQUIDITY_GRAB (Pinbar),FILLED,0.0
2025-11-22T17:36:40.658874,GALA/USDT,sell,9571.0,0.00738,EXIT_TREND_REVERSAL,FILLED,-0.05650718400000001
2025-11-22T17:36:49.044819,GALA/USDT,buy,24656.775746612464,0.00738,LONG_LIQUIDITY_GRAB (Pinbar),FILLED,0.0
2025-11-22T17:36:50.362026,LTC/USDT,buy,27.928,81.98,EXIT_TREND_REVERSAL,FILLED,-1.8316299520000001
2025-11-22T17:36:51.679775,NEAR/USDT,sell,1021.0,1.809,EXIT_TREND_REVERSAL,FILLED,-0.45618280000011246
2025-11-22T17:37:00.227690,LTC/USDT,sell,27.534302950231762,81.98,SHORT_LIQUIDITY_GRAB (Pinbar),FILLED,0.0
2025-11-22T17:37:00.528977,NEAR/USDT,buy,932.6828781774461,1.809,LONG_LIQUIDITY_GRAB (Pinbar),FILLED,0.0
2025-11-22T17:37:01.843550,GALA/USDT,sell,24656.0,0.00738,EXIT_TREND_REVERSAL,FILLED,-0.14556902400000002
2025-11-22T17:37:10.213687,GALA/USDT,buy,39266.20133401084,0.00738,LONG_LIQUIDITY_GRAB (Pinbar),FILLED,0.0
2025-11-22T17:37:11.520264,LTC/USDT,buy,27.534,81.98,EXIT_TREND_REVERSAL,FILLED,-4.282858632000094
2025-11-22T17:37:12.825110,NEAR/USDT,sell,932.0,1.809,EXIT_TREND_REVERSAL,FILLED,2.380700800000003
2025-11-22T17:37:21.541367,FET/USDT,sell,8296.692722864602,0.2681,SHORT_SQUEEZE_BREAKOUT,FILLED,0.0
2025-11-22T17:37:21.849918,LTC/USDT,sell,17.85093438802147,81.98,SHORT_LIQUIDITY_GRAB (Pinbar),FILLED,0.0
2025-11-22T17:37:23.172357,GALA/USDT,sell,39266.0,0.00738,EXIT_TREND_REVERSAL,FILLED,0.16099060000001802
2025-11-22T17:37:32.834754,GALA/USDT,buy,47120.875171409214,0.00738,LONG_LIQUIDITY_GRAB (Pinbar),FILLED,0.0
2025-11-22T17:37:34.154073,LTC/USDT,buy,17.85,81.98,EXIT_TREND_REVERSAL,FILLED,-4.025532000000194
2025-11-22T17:37:42.313253,LTC/USDT,sell,16.379724961515002,81.98,SHORT_LIQUIDITY_GRAB (Pinbar),FILLED,0.0
2025-11-22T17:37:43.623044,GALA/USDT,sell,47120.0,0.00738,EXIT_TREND_REVERSAL,FILLED,0.19319200000002162
2025-11-22T17:37:52.419155,INJ/USDT,sell,72.82342472927559,5.356,SHORT_TREND_PULLBACK,FILLED,0.0
2025-11-22T17:37:53.747012,LTC/USDT,buy,16.379,81.74,EXIT_TREND_REVERSAL,FILLED,-1.071055568
2025-11-22T17:38:04.757183,LTC/USDT,sell,15.936130796733545,81.74,SHORT_SQUEEZE_BREAKOUT,FILLED,0.0
2025-11-22T17:38:20.287273,GALA/USDT,buy,3001.8716598915985,0.00738,LONG_LIQUIDITY_GRAB (Pinbar),"FAILED: binance {""code"":-2019,""msg"":""margin is insufficient.""}",0.0
2025-11-22T17:38:25.751179,APT/USDT,sell,9.558120998360513,2.3178,SHORT_LIQUIDITY_GRAB (Pinbar),"FAILED: binance {""code"":-2019,""msg"":""margin is insufficient.""}",0.0
2025-11-22T17:38:27.067452,LTC/USDT,buy,15.936,81.74,EXIT_TREND_REVERSAL,FILLED,-2.1571607039998915
2025-11-22T17:38:38.804053,LTC/USDT,sell,12.838487525630047,81.74,SHORT_SQUEEZE_BREAKOUT,FILLED,0.0
2025-11-22T17:38:48.013256,LTC/USDT,buy,12.838,81.74,EXIT_TREND_REVERSAL,FILLED,-1.7378030319999125
2025-11-22T17:38:56.286627,LTC/USDT,sell,12.465988820467336,81.74,SHORT_SQUEEZE_BREAKOUT,FILLED,0.0
2025-11-22T17:39:05.073776,ARB/USDT,buy,143.57164359556228,0.1983,LONG_LIQUIDITY_GRAB (Pinbar),FILLED,0.0
2025-11-22T17:39:06.400305,LTC/USDT,buy,12.465,81.74,EXIT_TREND_REVERSAL,FILLED,-1.6873122599999149
2025-11-22T17:39:15.879676,LTC/USDT,sell,12.162814157083435,81.74,SHORT_SQUEEZE_BREAKOUT,FILLED,0.0
2025-11-22T17:39:17.215192,ARB/USDT,sell,143.5,0.1983,EXIT_TREND_REVERSAL,FILLED,-0.02276484
2025-11-22T17:39:26.635442,VET/USDT,buy,4608.942947443183,0.012672,LONG_LIQUIDITY_GRAB (Pinbar),FILLED,0.0
2025-11-22T17:39:27.955214,LTC/USDT,buy,12.162,81.74,EXIT_TREND_REVERSAL,FILLED,-1.646296967999917
2025-11-22T17:39:37.069843,LTC/USDT,sell,11.589308559456814,81.74,SHORT_SQUEEZE_BREAKOUT,FILLED,0.0
2025-11-22T17:39:38.380152,OP/USDT,buy,4473.3,0.2992,EXIT_TRAIL_STOP (ROI 0.2%),FILLED,1.1650262520000023
2025-11-22T17:39:39.685955,VET/USDT,sell,4608.0,0.012672,EXIT_TREND_REVERSAL,FILLED,-0.03288453120000216
2025-11-22T17:39:48.095348,VET/USDT,buy,108695.30039772727,0.012672,LONG_LIQUIDITY_GRAB (Pinbar),FILLED,0.0
2025-11-22T17:39:49.418879,LTC/USDT,buy,11.589,81.74,EXIT_TREND_REVERSAL,FILLED,-1.568733395999921
2025-11-22T17:39:58.313385,LTC/USDT,sell,11.595328449351602,81.74,SHORT_SQUEEZE_BREAKOUT,FILLED,0.0
2025-11-22T17:39:59.623343,VET/USDT,sell,108695.0,0.012672,EXIT_TREND_REVERSAL,FILLED,-0.12326013000015312
2025-11-22T17:40:08.327514,VET/USDT,buy,104383.20930003155,0.012672,LONG_LIQUIDITY_GRAB (Pinbar),FILLED,0.0
2025-11-22T17:40:09.637039,LTC/USDT,buy,11.595,81.76,EXIT_TREND_REVERSAL,FILLED,-1.8015383400000395
2025-11-22T17:40:18.180936,LTC/USDT,sell,11.301759583231407,81.76,SHORT_LIQUIDITY_GRAB (Pinbar),FILLED,0.0
2025-11-22T17:40:19.488346,VET/USDT,sell,104383.0,0.012672,EXIT_TREND_REVERSAL,FILLED,-0.431644581600098
2025-11-22T17:40:20.800979,APE/USDT,buy,8688.0,0.2768,EXIT_TRAIL_STOP (ROI 0.1%),FILLED,-0.1869657599997092
2025-11-22T17:40:29.977082,VET/USDT,buy,171284.02995620266,0.012672,LONG_LIQUIDITY_GRAB (Pinbar),FILLED,0.0
2025-11-22T17:40:30.268017,ARB/USDT,buy,7508.2677705005035,0.1983,LONG_LIQUIDITY_GRAB (Pinbar),FILLED,0.0
2025-11-22T17:40:31.650952,LTC/USDT,buy,11.301,81.76,EXIT_TREND_REVERSAL,FILLED,-1.7558589720000386
2025-11-22T17:40:41.819379,LTC/USDT,sell,11.29888644905822,81.76,SHORT_LIQUIDITY_GRAB (Pinbar),FILLED,0.0
2025-11-22T17:40:43.125767,ARB/USDT,sell,7508.2,0.1983,EXIT_TREND_REVERSAL,FILLED,0.31113980800004293
2025-11-22T17:40:44.434047,VET/USDT,sell,171284.0,0.012672,EXIT_TREND_REVERSAL,FILLED,0.31982148479997563
2025-11-22T17:40:55.139900,VET/USDT,buy,169806.66617542616,0.012672,LONG_LIQUIDITY_GRAB (Pinbar),FILLED,0.0
2025-11-22T17:40:55.441303,ARB/USDT,buy,7190.133593034542,0.1983,LONG_LIQUIDITY_GRAB (Pinbar),FILLED,0.0
2025-11-22T17:40:56.749527,LTC/USDT,buy,11.298,81.76,EXIT_TREND_REVERSAL,FILLED,-1.7553928560000385
2025-11-22T17:41:06.919538,LTC/USDT,sell,11.537730765288648,81.76,SHORT_LIQUIDITY_GRAB (Pinbar),FILLED,0.0
2025-11-22T17:41:08.227486,ARB/USDT,sell,7190.1,0.1983,EXIT_TREND_REVERSAL,FILLED,1.0172553479999618
2025-11-22T17:41:09.579449,VET/USDT,sell,169806.0,0.012672,EXIT_TREND_REVERSAL,FILLED,1.1664313751999416
2025-11-22T17:41:20.304454,ARB/USDT,buy,10781.634703252646,0.1983,LONG_LIQUIDITY_GRAB (Pinbar),FILLED,0.0
2025-11-22T17:41:20.619567,ATOM/USDT,buy,550.2317303494764,2.483,LONG_LIQUIDITY_GRAB (Pinbar),FILLED,0.0
2025-11-22T17:41:21.929996,LTC/USDT,buy,11.537,81.76,EXIT_TREND_REVERSAL,FILLED,-2.0231744679999935
2025-11-22T17:41:32.733459,LTC/USDT,sell,11.62650547780088,81.76,SHORT_LIQUIDITY_GRAB (Pinbar),FILLED,0.0
2025-11-22T17:41:34.059239,ARB/USDT,sell,10781.6,0.1979,EXIT_TREND_REVERSAL,FILLED,-2.785534176000181
2025-11-22T17:41:43.713466,UNI/USDT,buy,341.2739886659963,5.967,LONG_MEAN_REVERSION (Range),FILLED,0.0
2025-11-22T17:41:44.010272,APT/USDT,sell,43.93488436612742,2.3175,SHORT_LIQUIDITY_GRAB (Pinbar),FILLED,0.0
2025-11-22T17:41:45.317511,LTC/USDT,buy,11.626,81.76,EXIT_TREND_REVERSAL,FILLED,-2.154995360000053
2025-11-22T17:41:54.022806,LTC/USDT,sell,10.961127386863991,81.76,SHORT_LIQUIDITY_GRAB (Pinbar),FILLED,0.0
2025-11-22T17:41:55.331084,UNI/USDT,sell,341.0,5.967,EXIT_TREND_REVERSAL,FILLED,-1.9689340000001139
2025-11-22T17:42:04.621556,UNI/USDT,buy,328.6825485780124,5.967,LONG_MEAN_REVERSION (Range),FILLED,0.0
2025-11-22T17:42:05.938379,LTC/USDT,buy,10.961,81.76,EXIT_TREND_REVERSAL,FILLED,-2.0317309600000497
2025-11-22T17:42:15.723620,UNI/USDT,sell,328.0,5.967,EXIT_TREND_REVERSAL,FILLED,-0.5813472000002542
2025-11-22T17:42:25.101275,UNI/USDT,buy,354.5568078355958,5.967,LONG_MEAN_REVERSION (Range),FILLED,0.0
2025-11-22T17:42:34.093771,SNX/USDT,buy,1324.2983929166667,0.564,LONG_LIQUIDITY_GRAB (Pinbar),FILLED,0.0
2025-11-22T17:42:35.425419,UNI/USDT,sell,354.0,5.967,EXIT_TREND_REVERSAL,FILLED,-0.27328800000015585
2025-11-22T17:42:45.865455,UNI/USDT,buy,341.86985054131054,5.967,LONG_MEAN_REVERSION (Range),FILLED,0.0
2025-11-22T17:42:55.020542,DOT/USDT,sell,33.25426169584245,2.285,SHORT_LIQUIDITY_GRAB (Pinbar),FILLED,0.0
2025-11-22T17:42:56.342444,UNI/USDT,sell,341.0,5.967,EXIT_TREND_REVERSAL,FILLED,1.1012936000000026
2025-11-22T17:43:05.967305,UNI/USDT,buy,328.4538918409586,5.967,LONG_MEAN_REVERSION (Range),FILLED,0.0
2025-11-22T17:43:15.257993,AVAX/USDT,sell,6.9640548512152645,13.207,SHORT_LIQUIDITY_GRAB (Pinbar),FILLED,0.0
2025-11-22T17:43:16.575713,UNI/USDT,sell,328.0,5.959,EXIT_TREND_REVERSAL,FILLED,-1.5636416
2025-11-22T17:43:25.718553,FLOW/USDT,buy,7831.415543085107,0.235,LONG_LIQUIDITY_GRAB (Pinbar),FILLED,0.0
2025-11-22T17:43:27.038643,AVAX/USDT,buy,6.0,13.207,EXIT_TREND_REVERSAL,FILLED,-0.06339360000000001
2025-11-22T17:43:36.303201,AVAX/USDT,sell,13.246137078821835,13.207,SHORT_LIQUIDITY_GRAB (Pinbar),FILLED,0.0
2025-11-22T17:43:37.616757,FLOW/USDT,sell,7831.4,0.235,EXIT_TREND_REVERSAL,FILLED,-1.4723032
2025-11-22T17:43:46.225806,FLOW/USDT,buy,6794.920983234042,0.235,LONG_LIQUIDITY_GRAB (Pinbar),FILLED,0.0
2025-11-22T17:43:47.563219,AVAX/USDT,buy,13.0,13.207,EXIT_TREND_REVERSAL,FILLED,-0.1503476000000159
2025-11-22T17:43:56.118023,AVAX/USDT,sell,17.03610682100401,13.207,SHORT_LIQUIDITY_GRAB (Pinbar),FILLED,0.0
2025-11-22T17:43:57.436961,FLOW/USDT,sell,6794.9,0.235,EXIT_TREND_REVERSAL,FILLED,-1.2774412
2025-11-22T17:44:06.096065,FLOW/USDT,buy,5826.153442574468,0.235,LONG_LIQUIDITY_GRAB (Pinbar),FILLED,0.0
2025-11-22T17:44:07.430205,AVAX/USDT,buy,17.0,13.207,EXIT_TREND_REVERSAL,FILLED,-0.21360160000001138
2025-11-22T17:44:16.089955,AVAX/USDT,sell,22.734888127886723,13.207,SHORT_LIQUIDITY_GRAB (Pinbar),FILLED,0.0
2025-11-22T17:44:17.406838,FLOW/USDT,sell,5826.1,0.235,EXIT_TREND_REVERSAL,FILLED,-1.0953068
2025-11-22T17:44:26.621577,FLOW/USDT,buy,5156.566693,0.235,LONG_LIQUIDITY_GRAB (Pinbar),FILLED,0.0
2025-11-22T17:44:27.944913,AVAX/USDT,buy,22.0,13.207,EXIT_TREND_REVERSAL,FILLED,-0.3423992000000172
2025-11-22T17:44:36.163233,AVAX/USDT,sell,26.771982872719008,13.207,SHORT_LIQUIDITY_GRAB (Pinbar),FILLED,0.0
2025-11-22T17:44:37.542837,FLOW/USDT,sell,5156.5,0.235,EXIT_TREND_REVERSAL,FILLED,-0.969422
2025-11-22T17:44:46.737514,FLOW/USDT,buy,4551.865958510638,0.235,LONG_LIQUIDITY_GRAB (Pinbar),FILLED,0.0
2025-11-22T17:44:48.045009,AVAX/USDT,buy,26.0,13.207,EXIT_TREND_REVERSAL,FILLED,-0.4306432000000059
2025-11-22T17:44:57.036924,AVAX/USDT,sell,25.10559582115544,13.207,SHORT_LIQUIDITY_GRAB (Pinbar),FILLED,0.0
2025-11-22T17:44:58.344915,FLOW/USDT,sell,4551.8,0.235,EXIT_TREND_REVERSAL,FILLED,-0.8557384
2025-11-22T17:45:07.626586,FLOW/USDT,buy,4222.854415914894,0.235,LONG_LIQUIDITY_GRAB (Pinbar),FILLED,0.0
2025-11-22T17:45:08.932133,AVAX/USDT,buy,25.0,13.207,EXIT_TREND_REVERSAL,FILLED,-0.43907000000003626
2025-11-22T17:45:18.332474,AVAX/USDT,buy,12.126677308697625,13.199,LONG_MEAN_REVERSION (Range),FILLED,0.0
2025-11-22T17:45:19.936314,CRV/USDT,buy,229.59428208657786,0.366,LONG_MEAN_REVERSION (Range),FILLED,0.0
2025-11-22T17:45:21.239400,FLOW/USDT,sell,4222.8,0.235,EXIT_TREND_REVERSAL,FILLED,3.4306027199998868
2025-11-22T17:45:30.034456,FLOW/USDT,buy,4056.0986933191493,0.235,LONG_LIQUIDITY_GRAB (Pinbar),FILLED,0.0
2025-11-22T17:45:31.349923,CRV/USDT,sell,229.5,0.366,EXIT_TREND_REVERSAL,FILLED,-0.2967894000000002
2025-11-22T17:45:39.960669,CRV/USDT,buy,365.8419109426229,0.366,LONG_MEAN_REVERSION (Range),FILLED,0.0
2025-11-22T17:45:41.270142,FLOW/USDT,sell,4056.0,0.235,EXIT_TREND_REVERSAL,FILLED,3.2950943999998907
2025-11-22T17:45:50.145866,FLOW/USDT,buy,3768.414067702128,0.235,LONG_LIQUIDITY_GRAB (Pinbar),FILLED,0.0
2025-11-22T17:45:51.454491,CRV/USDT,sell,365.8,0.366,EXIT_TREND_REVERSAL,FILLED,-0.47305256000000034
2025-11-22T17:46:00.121201,CRV/USDT,buy,431.9521757786885,0.366,LONG_MEAN_REVERSION (Range),FILLED,0.0
2025-11-22T17:46:01.481044,FLOW/USDT,sell,3768.4,0.235,EXIT_TREND_REVERSAL,FILLED,3.061448159999899
2025-11-22T17:46:12.217536,FLOW/USDT,buy,1782.2926508723403,0.235,LONG_LIQUIDITY_GRAB (Pinbar),FILLED,0.0
2025-11-22T17:46:13.855028,UNI/USDT,buy,36.95015220994371,5.951,LONG_MEAN_REVERSION (Range),FILLED,0.0
2025-11-22T17:46:15.485247,DYDX/USDT,buy,489.1628677784826,0.236,LONG_MEAN_REVERSION (Range),FILLED,0.0
2025-11-22T17:46:18.885129,APE/USDT,buy,109.79579586549633,0.276,LONG_MEAN_REVERSION (Range),FILLED,0.0
2025-11-22T17:46:20.194963,CRV/USDT,sell,431.9,0.366,EXIT_TREND_REVERSAL,FILLED,-0.12646032000000001
2025-11-22T17:46:30.255022,CRV/USDT,buy,246.60669805327865,0.366,LONG_MEAN_REVERSION (Range),FILLED,0.0
2025-11-22T17:46:31.590401,UNI/USDT,sell,36.0,5.951,EXIT_TREND_REVERSAL,FILLED,-0.5315328000000243
2025-11-22T17:46:32.909037,SNX/USDT,sell,1324.2,0.563,EXIT_TREND_REVERSAL,FILLED,-1.9211493600000011
2025-11-22T17:46:34.225735,FLOW/USDT,sell,1782.2,0.235,EXIT_TREND_REVERSAL,FILLED,-0.016326159928780337
2025-11-22T17:46:35.550437,APE/USDT,sell,109.0,0.276,EXIT_TREND_REVERSAL,FILLED,-0.024067200000000004
2025-11-22T17:46:36.870347,DYDX/USDT,sell,489.1,0.236,EXIT_TREND_REVERSAL,FILLED,-0.09234208
2025-11-22T17:46:45.822920,VET/USDT,buy,116606.09861830126,0.012633,LONG_MEAN_REVERSION (Range),FILLED,0.0
2025-11-22T17:46:47.145089,CRV/USDT,sell,246.6,0.366,EXIT_TREND_REVERSAL,FILLED,-0.3189031200000002
2025-11-22T17:46:56.982821,FLOW/USDT,buy,807.7232002765958,0.235,LONG_LIQUIDITY_GRAB (Pinbar),FILLED,0.0
2025-11-22T17:46:58.290996,VET/USDT,sell,116606.0,0.012633,EXIT_TREND_REVERSAL,FILLED,-1.2951195207999144
2025-11-22T17:47:07.489301,VET/USDT,buy,109812.55782949418,0.012633,LONG_MEAN_REVERSION (Range),FILLED,0.0
2025-11-22T17:47:08.809323,FLOW/USDT,sell,807.7,0.235,EXIT_TREND_REVERSAL,FILLED,-0.15184760000000003
2025-11-22T17:47:18.808563,FLOW/USDT,buy,524.8085056595745,0.235,LONG_LIQUIDITY_GRAB (Pinbar),FILLED,0.0
2025-11-22T17:47:20.432662,CRV/USDT,buy,176.9077852069672,0.366,LONG_MEAN_REVERSION (Range),FILLED,0.0
2025-11-22T17:47:21.738913,VET/USDT,sell,109812.0,0.012633,EXIT_TREND_REVERSAL,FILLED,-0.7802362224000516
2025-11-22T17:47:31.578413,VET/USDT,buy,105154.71595860047,0.012633,LONG_MEAN_REVERSION (Range),FILLED,0.0
2025-11-22T17:47:32.899297,FLOW/USDT,sell,524.8,0.235,EXIT_TREND_REVERSAL,FILLED,-0.0986624
2025-11-22T17:47:34.206301,CRV/USDT,sell,176.9,0.366,EXIT_TREND_REVERSAL,FILLED,-0.22876708000000018
2025-11-22T17:47:43.314373,FLOW/USDT,buy,929.617340893617,0.235,LONG_LIQUIDITY_GRAB (Pinbar),FILLED,0.0
2025-11-22T17:47:44.626504,VET/USDT,sell,105154.0,0.012633,EXIT_TREND_REVERSAL,FILLED,-1.9042968783999292
2025-11-22T17:47:53.332866,VET/USDT,buy,98603.55481437503,0.012633,LONG_MEAN_REVERSION (Range),FILLED,0.0
2025-11-22T17:47:54.633270,FLOW/USDT,sell,929.6,0.235,EXIT_TREND_REVERSAL,FILLED,-0.1747648
2025-11-22T17:48:03.808368,FLOW/USDT,buy,961.2176561914894,0.235,LONG_LIQUIDITY_GRAB (Pinbar),FILLED,0.0
2025-11-22T17:48:05.125280,VET/USDT,sell,98603.0,0.012633,EXIT_TREND_REVERSAL,FILLED,-2.180230653599986
2025-11-22T17:48:14.136597,VET/USDT,buy,93376.11917319716,0.012633,LONG_MEAN_REVERSION (Range),FILLED,0.0
2025-11-22T17:48:15.450801,FLOW/USDT,sell,961.2,0.235,EXIT_TREND_REVERSAL,FILLED,-0.18070560000000002
2025-11-22T17:48:26.215345,FLOW/USDT,buy,519.1705707765957,0.235,LONG_LIQUIDITY_GRAB (Pinbar),FILLED,0.0
2025-11-22T17:48:27.886384,CRV/USDT,buy,175.00729281301227,0.366,LONG_MEAN_REVERSION (Range),FILLED,0.0
2025-11-22T17:48:29.196704,VET/USDT,sell,93376.0,0.012633,EXIT_TREND_REVERSAL,FILLED,-1.5975886592000057
2025-11-22T17:48:38.442499,GALA/USDT,buy,156365.8561387755,0.00735,LONG_MEAN_REVERSION (Range),FILLED,0.0
2025-11-22T17:48:39.744438,FLOW/USDT,sell,519.1,0.235,EXIT_TREND_REVERSAL,FILLED,-0.0975908
2025-11-22T17:48:41.045864,CRV/USDT,sell,175.0,0.366,EXIT_TREND_REVERSAL,FILLED,-0.22631000000000015
2025-11-22T17:48:51.773899,FLOW/USDT,buy,972.6714047659574,0.235,LONG_LIQUIDITY_GRAB (Pinbar),FILLED,0.0
2025-11-22T17:48:53.079297,GALA/USDT,sell,156365.0,0.00735,EXIT_TREND_REVERSAL,FILLED,-2.483701660000072
2025-11-22T17:49:03.224247,CRV/USDT,buy,2955.3580353278694,0.366,LONG_MEAN_REVERSION (Range),FILLED,0.0
2025-11-22T17:49:04.531789,FLOW/USDT,sell,972.6,0.235,EXIT_TREND_REVERSAL,FILLED,-0.18284879999999998
2025-11-22T17:49:13.196625,FLOW/USDT,buy,980.0386062553191,0.235,LONG_LIQUIDITY_GRAB (Pinbar),FILLED,0.0
2025-11-22T17:49:14.535216,CRV/USDT,sell,2955.3,0.366,EXIT_TREND_REVERSAL,FILLED,-3.821793960000003
2025-11-22T17:49:23.181721,CRV/USDT,buy,2799.231352909836,0.366,LONG_MEAN_REVERSION (Range),FILLED,0.0
2025-11-22T17:49:24.542522,FLOW/USDT,sell,980.0,0.235,EXIT_TREND_REVERSAL,FILLED,-0.18424
2025-11-22T17:49:33.883911,FLOW/USDT,buy,1075.4948176808512,0.235,LONG_LIQUIDITY_GRAB (Pinbar),FILLED,0.0
2025-11-22T17:49:35.195559,CRV/USDT,sell,2799.2,0.366,EXIT_TREND_REVERSAL,FILLED,-3.619925440000002
2025-11-22T17:49:44.020928,CRV/USDT,buy,2594.2952141120218,0.366,LONG_MEAN_REVERSION (Range),FILLED,0.0
2025-11-22T17:49:45.324222,FLOW/USDT,sell,1075.4,0.235,EXIT_TREND_REVERSAL,FILLED,-0.2021752
2025-11-22T17:49:54.252546,FLOW/USDT,buy,1069.9772548723404,0.235,LONG_LIQUIDITY_GRAB (Pinbar),FILLED,0.0
2025-11-22T17:49:55.576983,CRV/USDT,sell,2594.2,0.366,EXIT_TREND_REVERSAL,FILLED,-3.3548194400000018
2025-11-22T17:50:04.346112,CRV/USDT,buy,2408.1810746448086,0.366,LONG_MEAN_REVERSION (Range),FILLED,0.0
2025-11-22T17:50:05.681726,FLOW/USDT,sell,1069.9,0.235,EXIT_TREND_REVERSAL,FILLED,-0.20114120000000002
2025-11-22T17:50:14.821293,FLOW/USDT,buy,990.5934357234044,0.235,LONG_LIQUIDITY_GRAB (Pinbar),FILLED,0.0
2025-11-22T17:50:16.128714,CRV/USDT,sell,2408.1,0.366,EXIT_TREND_REVERSAL,FILLED,-0.70509168
2025-11-22T17:50:25.394362,CRV/USDT,buy,2221.8373461338797,0.366,LONG_MEAN_REVERSION (Range),FILLED,0.0
2025-11-22T17:50:26.801126,FLOW/USDT,sell,990.5,0.235,EXIT_TREND_REVERSAL,FILLED,-0.186214
2025-11-22T17:50:35.975255,VET/USDT,buy,19443.46100134728,0.012618,LONG_MEAN_REVERSION (Range),FILLED,0.0
2025-11-22T17:50:37.294724,CRV/USDT,sell,2221.8,0.366,EXIT_TREND_REVERSAL,FILLED,-0.6505430400000001
2025-11-22T17:50:46.382562,FLOW/USDT,buy,3296.626712212766,0.235,LONG_LIQUIDITY_GRAB (Pinbar),FILLED,0.0
2025-11-22T17:50:47.692149,VET/USDT,sell,19443.0,0.012618,EXIT_TREND_REVERSAL,FILLED,-0.21571619639998574
2025-11-22T17:50:56.628952,VET/USDT,buy,20309.479307338723,0.012618,LONG_MEAN_REVERSION (Range),FILLED,0.0
2025-11-22T17:50:57.932266,INJ/USDT,buy,72.8,5.341,EXIT_TRAIL_STOP (ROI 0.3%),FILLED,0.7805033599999768
2025-11-22T17:50:59.234042,FLOW/USDT,sell,3296.6,0.235,EXIT_TREND_REVERSAL,FILLED,-0.6197608
2025-11-22T17:51:08.376525,FLOW/USDT,buy,4380.173311893617,0.235,LONG_LIQUIDITY_GRAB (Pinbar),FILLED,0.0
2025-11-22T17:51:09.705927,VET/USDT,sell,20309.0,0.012618,EXIT_TREND_REVERSAL,FILLED,-0.28627566399997556
2025-11-22T17:51:18.580606,VET/USDT,buy,17720.42074932636,0.012618,LONG_MEAN_REVERSION (Range),FILLED,0.0
2025-11-22T17:51:19.887651,FLOW/USDT,sell,4380.1,0.235,EXIT_TREND_REVERSAL,FILLED,-0.8234588
2025-11-22T17:51:29.257151,FLOW/USDT,buy,3974.76837187234,0.235,LONG_LIQUIDITY_GRAB (Pinbar),FILLED,0.0
2025-11-22T17:51:30.601413,VET/USDT,sell,17720.0,0.012618,EXIT_TREND_REVERSAL,FILLED,-0.2497811199999787
2025-11-22T17:51:41.247279,FIL/USDT,sell,73.24759730120864,1.572,SHORT_MOMENTUM_PUSH,FILLED,0.0
2025-11-22T17:51:42.855634,VET/USDT,buy,4790.873518203161,0.012618,LONG_MEAN_REVERSION (Range),FILLED,0.0
2025-11-22T17:51:44.218367,BTC/USDT,sell,0.028,84303.2,EXIT_TREND_REVERSAL,FILLED,-11.316961600000162
2025-11-22T17:51:45.528399,FLOW/USDT,sell,3974.7,0.235,EXIT_TREND_REVERSAL,FILLED,-0.7472435999999999
2025-11-22T17:51:54.884996,FLOW/USDT,buy,7707.866346191489,0.235,LONG_LIQUIDITY_GRAB (Pinbar),FILLED,0.0
2025-11-22T17:51:55.193825,CRV/USDT,buy,3711.58377444589,0.365,LONG_MEAN_REVERSION (Range),FILLED,0.0
2025-11-22T17:51:56.502501,VET/USDT,sell,4790.0,0.012618,EXIT_TREND_REVERSAL,FILLED,-0.08668750399999678
2025-11-22T17:52:05.742982,BNB/USDT,buy,0.02253867556980057,828.36,LONG_MEAN_REVERSION (Range),FILLED,0.0
2025-11-22T17:52:07.059946,FLOW/USDT,sell,7707.8,0.235,EXIT_TREND_REVERSAL,FILLED,-1.4490664
2025-11-22T17:52:08.378729,CRV/USDT,sell,3711.5,0.365,EXIT_TREND_REVERSAL,FILLED,-8.509727200000006
2025-11-22T18:06:51.684515,TRX/USDT,sell,6426.4909786546405,0.27383,SHORT_LIQUIDITY_GRAB (Pinbar),FILLED,0.0
2025-11-22T18:06:52.022824,SOL/USDT,buy,13.898009988035067,126.62,LONG_LIQUIDITY_GRAB (Pinbar),FILLED,0.0
2025-11-22T18:06:52.324464,DOGE/USDT,buy,12619.333271315887,0.13945,LONG_LIQUIDITY_GRAB (Pinbar),FILLED,0.0
2025-11-22T18:07:07.658674,ETH/USDT,sell,0.6404063490512384,2743.05,SHORT_REVERSAL_SNIPER (Div/Mom),FILLED,0.0
2025-11-22T18:07:08.984464,SOL/USDT,sell,13.0,126.62,EXIT_TREND_REVERSAL,FILLED,-2.2272119999999114
2025-11-22T18:07:24.747801,SOL/USDT,buy,13.774287268322539,126.62,LONG_LIQUIDITY_GRAB (Pinbar),FILLED,0.0
2025-11-22T18:07:25.103312,QNT/USDT,sell,23.091490188203363,75.53,SHORT_LIQUIDITY_GRAB (Pinbar),FILLED,0.0
2025-11-22T18:07:40.806919,AVAX/USDT,buy,131.6359493664047,13.234,LONG_LIQUIDITY_GRAB (Pinbar),FILLED,0.0
2025-11-22T18:07:42.168034,TRX/USDT,buy,6426.0,0.27347,ROTATION_SACRIFICE,FILLED,-1.405854576
2025-11-22T18:07:43.473316,UNI/USDT,sell,292.1465963298675,5.963,SHORT_MOMENTUM_PUSH,FILLED,0.0
2025-11-22T18:07:44.788049,SOL/USDT,sell,13.0,126.62,EXIT_TREND_REVERSAL,FILLED,-2.4873159999998595
2025-11-22T18:07:59.166568,TRX/USDT,sell,6253.754858233208,0.27383,SHORT_LIQUIDITY_GRAB (Pinbar),FILLED,0.0
2025-11-22T18:08:00.496648,AVAX/USDT,sell,131.0,13.249,ROTATION_SACRIFICE,FILLED,-1.3884952000000002
2025-11-22T18:08:01.798310,SOL/USDT,buy,13.524448687648077,126.62,LONG_LIQUIDITY_GRAB (Pinbar),FILLED,0.0
2025-11-22T18:08:16.085480,AVAX/USDT,buy,67.41556037517,13.234,LONG_LIQUIDITY_GRAB (Pinbar),FILLED,0.0
2025-11-22T18:08:17.406312,TRX/USDT,buy,6253.0,0.27347,ROTATION_SACRIFICE,FILLED,-1.368006328
2025-11-22T18:08:18.713752,LINK/USDT,buy,74.37291813979658,11.996,LONG_LIQUIDITY_GRAB (Pinbar),FILLED,0.0
2025-11-22T18:08:19.036738,BTC/USDT,sell,0.009730265717291511,84432.2,SHORT_LIQUIDITY_GRAB (Pinbar),FILLED,0.0
2025-11-22T18:08:20.465486,SOL/USDT,sell,13.0,126.62,EXIT_TREND_REVERSAL,FILLED,-2.4873159999998595
2025-11-22T18:08:33.547066,TRX/USDT,sell,5510.260256628926,0.2738,SHORT_LIQUIDITY_GRAB (Pinbar),FILLED,0.0
2025-11-22T18:08:34.867819,LINK/USDT,sell,74.37,11.996,EXIT_TREND_REVERSAL,FILLED,-2.0529094799999186
2025-11-22T18:08:48.346646,SOL/USDT,buy,6.917073577296785,126.59,LONG_LIQUIDITY_GRAB (Pinbar),FILLED,0.0
2025-11-22T18:09:01.369954,LINK/USDT,buy,16.199923775008333,11.996,LONG_LIQUIDITY_GRAB (Pinbar),FILLED,0.0
2025-11-22T18:09:02.686871,SOL/USDT,sell,6.0,126.59,EXIT_TREND_REVERSAL,FILLED,-0.7276799999999761
2025-11-22T18:09:15.833061,SOL/USDT,buy,5.541057047436606,126.59,LONG_LIQUIDITY_GRAB (Pinbar),FILLED,0.0
2025-11-22T18:09:17.193835,LINK/USDT,sell,16.19,11.996,EXIT_TREND_REVERSAL,FILLED,-0.4469087599999823
2025-11-22T18:09:30.624326,KAVA/USDT,sell,2487.0742612068966,0.1102,SHORT_BREAKOUT_DONCHIAN (VPA Verified),FILLED,0.0
2025-11-22T18:09:31.949506,SOL/USDT,sell,5.0,126.59,EXIT_TREND_REVERSAL,FILLED,-0.8064800000000114
2025-11-22T18:09:45.758202,SOL/USDT,buy,4.535034473536614,126.59,LONG_LIQUIDITY_GRAB (Pinbar),FILLED,0.0
2025-11-22T18:09:47.073372,KAVA/USDT,buy,2487.0,0.1098,ROTATION_SACRIFICE,FILLED,-0.21845807999999997
2025-11-22T18:09:48.408683,LINK/USDT,buy,24.018295323461984,11.996,LONG_LIQUIDITY_GRAB (Pinbar),FILLED,0.0
2025-11-22T18:10:02.968001,KAVA/USDT,sell,1014.4725198275862,0.1102,SHORT_BREAKOUT_DONCHIAN (VPA Verified),FILLED,0.0
2025-11-22T18:10:04.275583,SOL/USDT,sell,4.0,126.59,EXIT_TREND_REVERSAL,FILLED,-0.8852799999999613
2025-11-22T18:10:05.581281,LINK/USDT,sell,24.01,11.996,EXIT_TREND_REVERSAL,FILLED,-0.6627720399999738
2025-11-22T18:10:19.407535,SOL/USDT,buy,5.872056261316059,126.59,LONG_LIQUIDITY_GRAB (Pinbar),FILLED,0.0
2025-11-22T18:10:20.722971,AVAX/USDT,sell,67.0,13.249,ROTATION_SACRIFICE,FILLED,-0.7101464000000001
2025-11-22T18:10:22.027927,RUNE/USDT,sell,1238.9060035333332,0.6,SHORT_MOMENTUM_PUSH,FILLED,0.0
2025-11-22T18:10:35.538489,AVAX/USDT,buy,18.33040656902026,13.228,LONG_LIQUIDITY_GRAB (Pinbar),FILLED,0.0
2025-11-22T18:10:36.861067,SOL/USDT,sell,5.0,126.59,EXIT_TREND_REVERSAL,FILLED,-1.1065999999999516
2025-11-22T18:10:50.481902,SOL/USDT,buy,4.615429033651947,126.59,LONG_LIQUIDITY_GRAB (Pinbar),FILLED,0.0
2025-11-22T18:11:05.489743,SOL/USDT,sell,4.0,126.53,EXIT_TREND_REVERSAL,FILLED,-1.1251839999999704
2025-11-22T18:11:19.494251,SOL/USDT,buy,4.315717638188572,126.53,LONG_LIQUIDITY_GRAB (Pinbar),FILLED,0.0
2025-11-22T18:11:34.507961,SOL/USDT,sell,4.0,126.53,EXIT_TREND_REVERSAL,FILLED,-1.1251839999999704
2025-11-22T18:11:48.514885,SOL/USDT,buy,4.4886038983640235,126.53,LONG_LIQUIDITY_GRAB (Pinbar),FILLED,0.0
2025-11-22T18:11:49.830278,KAVA/USDT,buy,1014.4,0.1108,EXIT_CLIMAX_DUMP,FILLED,-0.5969135360000004
2025-11-22T18:12:03.372450,SOL/USDT,sell,4.0,126.53,EXIT_TREND_REVERSAL,FILLED,-1.1251839999999704
2025-11-22T18:12:17.449472,SOL/USDT,buy,5.399981907768908,126.53,LONG_LIQUIDITY_GRAB (Pinbar),FILLED,0.0
2025-11-22T18:12:29.189801,SOL/USDT,sell,5.0,126.53,EXIT_TREND_REVERSAL,FILLED,-1.1963960000000262
2025-11-22T18:12:36.955519,SOL/USDT,buy,5.19581271745831,126.53,LONG_LIQUIDITY_GRAB (Pinbar),FILLED,0.0
2025-11-22T18:12:45.607787,SOL/USDT,sell,5.0,126.53,EXIT_TREND_REVERSAL,FILLED,-1.406479999999963
2025-11-22T18:12:53.420251,SOL/USDT,buy,4.92723954864459,126.53,LONG_LIQUIDITY_GRAB (Pinbar),FILLED,0.0
2025-11-22T18:13:02.209845,SOL/USDT,sell,4.0,126.53,EXIT_TREND_REVERSAL,FILLED,-1.1251839999999704
2025-11-22T18:13:34.115466,SNX/USDT,sell,1031.6132536944938,0.563,SHORT_MOMENTUM_PUSH,FILLED,0.0
2025-11-22T18:18:06.770159,UNI/USDT,buy,292.0,5.946,EXIT_TRAIL_STOP (ROI 0.2%),FILLED,2.405495999999971
2025-11-22T18:19:40.602182,KAVA/USDT,sell,13312.122273973217,0.112,SHORT_MOMENTUM_PUSH,FILLED,0.0
2025-11-22T18:20:18.365238,AAVE/USDT,sell,0.3807853162580726,159.49,SHORT_LIQUIDITY_GRAB (Pinbar),FILLED,0.0
2025-11-22T18:20:50.137970,FLOW/USDT,sell,40.99920336170213,0.235,SHORT_LIQUIDITY_GRAB (Pinbar),"FAILED: binance {""code"":-2019,""msg"":""margin is insufficient.""}",0.0
2025-11-22T18:23:57.253467,FLOW/USDT,sell,49.13841487234043,0.235,SHORT_LIQUIDITY_GRAB (Pinbar),"FAILED: binance {""code"":-2019,""msg"":""margin is insufficient.""}",0.0
2025-11-22T18:24:00.365373,ARB/USDT,sell,58.144650025176226,0.1986,SHORT_LIQUIDITY_GRAB (Pinbar),"FAILED: binance {""code"":-2019,""msg"":""margin is insufficient.""}",0.0
2025-11-22T18:24:03.498212,SAND/USDT,sell,77.1017393002604,0.14977,SHORT_LIQUIDITY_GRAB (Pinbar),"FAILED: binance {""code"":-2019,""msg"":""margin is insufficient.""}",0.0
2025-11-22T18:24:06.601146,1000SHIB/USDT,sell,1501.0434804367605,0.007693,SHORT_LIQUIDITY_GRAB (Pinbar),"FAILED: binance {""code"":-2019,""msg"":""margin is insufficient.""}",0.0
2025-11-22T18:26:19.942277,FLOW/USDT,buy,34.44159868644067,0.236,LONG_LIQUIDITY_GRAB (Pinbar),FILLED,0.0
2025-11-22T18:26:21.251528,KAVA/USDT,buy,13312.1,0.112,ROTATION_SACRIFICE,FILLED,-1.19276416
2025-11-22T18:26:22.628602,CRV/USDT,buy,22.14773103542234,0.367,LONG_LIQUIDITY_GRAB (Pinbar),FILLED,0.0
2025-11-22T18:26:22.932286,1000PEPE/USDT,sell,1988.8952946070272,0.0040868,SHORT_LIQUIDITY_GRAB (Pinbar),FILLED,0.0
2025-11-22T18:26:23.229790,STX/USDT,buy,26.588869120052333,0.3057,LONG_LIQUIDITY_GRAB (Pinbar),FILLED,0.0
2025-11-22T18:26:23.532915,EGLD/USDT,buy,1.1016830157224178,7.378,LONG_LIQUIDITY_GRAB (Pinbar),FILLED,0.0
2025-11-22T18:26:32.471389,CRV/USDT,sell,22.1,0.367,EXIT_TREND_REVERSAL,FILLED,-0.028597400000000023
2025-11-22T18:26:33.774837,FLOW/USDT,sell,34.4,0.236,EXIT_TREND_REVERSAL,FILLED,-0.00649472
2025-11-22T18:26:41.952257,FLOW/USDT,buy,5925.885218283898,0.236,LONG_LIQUIDITY_GRAB (Pinbar),FILLED,0.0
2025-11-22T18:26:43.263545,SNX/USDT,buy,1031.6,0.562,ROTATION_SACRIFICE,FILLED,-0.46380736
2025-11-22T18:26:45.875724,CRV/USDT,buy,845.6358114111036,0.367,LONG_LIQUIDITY_GRAB (Pinbar),FILLED,0.0
2025-11-22T18:26:54.760430,CHZ/USDT,buy,4851.923634969326,0.02771,LONG_LIQUIDITY_GRAB (Pinbar),FILLED,0.0
2025-11-22T18:26:56.067608,CRV/USDT,sell,845.6,0.367,EXIT_TREND_REVERSAL,FILLED,-1.094206400000001
2025-11-22T18:26:57.372819,FLOW/USDT,sell,5925.8,0.236,EXIT_TREND_REVERSAL,FILLED,-1.1187910399999998
2025-11-22T18:27:05.428893,SOL/USDT,buy,12.256366631017311,126.51,LONG_LIQUIDITY_GRAB (Pinbar),FILLED,0.0
2025-11-22T18:27:06.761722,ETH/USDT,buy,0.64,2740.655875,ROTATION_SACRIFICE,FILLED,-1.403215808
2025-11-22T18:27:08.062615,FLOW/USDT,buy,6570.139586822034,0.236,LONG_LIQUIDITY_GRAB (Pinbar),FILLED,0.0
2025-11-22T18:27:09.375974,RUNE/USDT,buy,1238.0,0.599,ROTATION_SACRIFICE,FILLED,-0.5932496
2025-11-22T18:27:10.679528,CRV/USDT,buy,2788.1589988528603,0.367,LONG_LIQUIDITY_GRAB (Pinbar),FILLED,0.0
2025-11-22T18:27:19.377623,SOL/USDT,sell,12.0,126.51,EXIT_TREND_REVERSAL,FILLED,-1.4545919999999524
2025-11-22T18:27:20.685419,FLOW/USDT,sell,6570.1,0.236,EXIT_TREND_REVERSAL,FILLED,-1.24043488
2025-11-22T18:27:21.989031,CRV/USDT,sell,2788.1,0.367,EXIT_TREND_REVERSAL,FILLED,-3.6078014000000023
2025-11-22T18:27:30.044168,SOL/USDT,buy,11.760624778159828,126.51,LONG_LIQUIDITY_GRAB (Pinbar),FILLED,0.0
2025-11-22T18:27:30.350639,FLOW/USDT,buy,6304.392545275424,0.236,LONG_LIQUIDITY_GRAB (Pinbar),FILLED,0.0
2025-11-22T18:27:31.680005,TRX/USDT,buy,5510.0,0.2734742504537,ROTATION_SACRIFICE,FILLED,-1.2054744959999097
2025-11-22T18:27:33.082769,CRV/USDT,buy,4054.050792057221,0.367,LONG_LIQUIDITY_GRAB (Pinbar),FILLED,0.0
2025-11-22T18:27:34.698396,1000SHIB/USDT,buy,53919.14085178777,0.007703,LONG_LIQUIDITY_GRAB (Pinbar),FILLED,0.0
2025-11-22T18:27:45.265867,SOL/USDT,sell,11.0,126.51,EXIT_TREND_REVERSAL,FILLED,-1.3333759999999564
2025-11-22T18:27:46.577655,FLOW/USDT,sell,6304.3,0.236,EXIT_TREND_REVERSAL,FILLED,-1.19025184
2025-11-22T18:27:47.902893,CRV/USDT,sell,4054.0,0.368,EXIT_TREND_REVERSAL,FILLED,-1.1934976000000002
2025-11-22T18:27:55.987872,TRX/USDT,sell,5167.713912567108,0.27381,SHORT_LIQUIDITY_GRAB (Pinbar),FILLED,0.0
2025-11-22T18:27:56.287066,SOL/USDT,buy,11.184663239269621,126.51,LONG_LIQUIDITY_GRAB (Pinbar),FILLED,0.0
2025-11-22T18:27:56.633448,FLOW/USDT,buy,5995.642993220338,0.236,LONG_LIQUIDITY_GRAB (Pinbar),FILLED,0.0
2025-11-22T18:27:58.244692,CRV/USDT,buy,269.0707154619576,0.368,LONG_LIQUIDITY_GRAB (Pinbar),FILLED,0.0
2025-11-22T18:28:07.449151,SOL/USDT,sell,11.0,126.51,EXIT_TREND_REVERSAL,FILLED,-1.3333759999999564
2025-11-22T18:28:08.766841,FLOW/USDT,sell,5995.6,0.236,EXIT_TREND_REVERSAL,FILLED,-1.13196928
2025-11-22T18:28:10.084965,CRV/USDT,sell,269.0,0.368,EXIT_TREND_REVERSAL,FILLED,-0.46354727999889767
2025-11-22T18:28:18.408294,SOL/USDT,buy,10.864422418306853,126.51,LONG_LIQUIDITY_GRAB (Pinbar),FILLED,0.0
2025-11-22T18:28:18.718643,FLOW/USDT,buy,5823.974915847458,0.236,LONG_LIQUIDITY_GRAB (Pinbar),FILLED,0.0
2025-11-22T18:28:26.536359,CRV/USDT,buy,176.03231521739127,0.368,LONG_LIQUIDITY_GRAB (Pinbar),FILLED,0.0
2025-11-22T18:28:27.864305,SOL/USDT,sell,10.0,126.51,EXIT_TREND_REVERSAL,FILLED,-1.3122000000000114
2025-11-22T18:28:29.170729,FLOW/USDT,sell,5823.9,0.236,EXIT_TREND_REVERSAL,FILLED,-1.09955232
2025-11-22T18:28:37.246335,SOL/USDT,buy,10.577479192909651,126.51,LONG_LIQUIDITY_GRAB (Pinbar),FILLED,0.0
2025-11-22T18:28:37.546418,FLOW/USDT,buy,4523.376476757415,0.236,LONG_LIQUIDITY_GRAB (Pinbar),FILLED,0.0
2025-11-22T18:28:38.923917,CRV/USDT,sell,176.0,0.368,EXIT_TREND_REVERSAL,FILLED,-0.4039552000000003
2025-11-22T18:28:47.165116,CRV/USDT,buy,396.79410464673913,0.368,LONG_LIQUIDITY_GRAB (Pinbar),FILLED,0.0
2025-11-22T18:28:48.547786,SOL/USDT,sell,10.0,126.51,EXIT_TREND_REVERSAL,FILLED,-1.3122000000000114
2025-11-22T18:28:49.868527,FLOW/USDT,sell,4523.3,0.236,EXIT_TREND_REVERSAL,FILLED,-0.8539990400000002
2025-11-22T18:48:44.887322,AVAX/USDT,buy,190.1089508279888,13.247,LONG_TREND_PULLBACK,FILLED,0.0
2025-11-22T18:48:45.194500,BTC/USDT,buy,0.014308170766310429,84367.9,LONG_TREND_PULLBACK,FILLED,0.0
2025-11-22T18:48:45.505807,CRV/USDT,sell,1600.9238172201628,0.367,SHORT_TREND_PULLBACK,FILLED,0.0
2025-11-22T18:48:54.145973,CRV/USDT,buy,1600.9,0.367,ROTATION_SACRIFICE,FILLED,-0.47002424000000004
2025-11-22T18:48:55.466441,SNX/USDT,sell,1049.3111215142098,0.563,SHORT_TREND_PULLBACK,FILLED,0.0
2025-11-22T18:49:42.502846,AVAX/USDT,sell,190.0,13.249,ROTATION_SACRIFICE,FILLED,-2.013848
2025-11-22T18:49:43.824477,CRV/USDT,sell,3309.7751610796117,0.368,SHORT_TREND_PULLBACK,FILLED,0.0
2025-11-22T18:49:44.146912,APE/USDT,sell,4466.3268991215,0.2771,SHORT_TREND_PULLBACK,FILLED,0.0
2025-11-22T18:49:52.411226,ATOM/USDT,buy,24.78212222159727,2.497,LONG_TREND_PULLBACK,"FAILED: binance {""code"":-2019,""msg"":""margin is insufficient.""}",0.0
2025-11-22T18:50:00.662661,ETC/USDT,sell,4.609039117185191,13.426,SHORT_TREND_PULLBACK,"FAILED: binance {""code"":-2019,""msg"":""margin is insufficient.""}",0.0
2025-11-22T18:50:09.439123,APE/USDT,buy,4466.0,0.2761,ROTATION_SACRIFICE,FILLED,-0.98645008
2025-11-22T18:50:10.769727,AVAX/USDT,buy,88.48210080961725,13.247,LONG_TREND_PULLBACK,FILLED,0.0
2025-11-22T18:50:11.076570,ETC/USDT,sell,4.370329565343045,13.41,SHORT_TREND_PULLBACK,FILLED,0.0
2025-11-22T19:08:33.804225,AVAX/USDT,sell,88.0,13.249,ROTATION_SACRIFICE,FILLED,-0.9327296
2025-11-22T19:41:28.470598,KAVA/USDT,sell,9881.030659826203,0.1122,SHORT_TREND_PULLBACK,FILLED,0.0
2025-11-22T19:41:31.927828,UNI/USDT,sell,2.361647154125133,5.868,SHORT_SQUEEZE_BREAKOUT,FILLED,0.0
2025-11-22T19:41:48.275563,CRV/USDT,buy,3309.7,0.368,ROTATION_SACRIFICE,FILLED,-0.97437568
2025-11-22T19:41:49.572634,FLOW/USDT,sell,4923.706893617021,0.235,SHORT_SUPER_MOMENTUM,FILLED,0.0
2025-11-22T19:41:51.249213,GALA/USDT,buy,3898.4876010781686,0.00742,LONG_TREND_PULLBACK,FILLED,0.0
2025-11-22T19:41:52.549472,UNI/USDT,buy,2.0,5.997,EXIT_TREND_REVERSAL,FILLED,-0.0015983999999991047
2025-11-22T19:41:55.348703,ETC/USDT,buy,4.37,13.423,"EXIT_TIME_STOP (No Momentum in 15m, ROI -0.34%)",FILLED,-0.2478663999999973
2025-11-22T19:43:03.619045,NEAR/USDT,buy,21.796060955882353,1.836,LONG_SQUEEZE_BREAKOUT,FILLED,0.0
2025-11-22T19:51:51.732271,FLOW/USDT,buy,4923.7,0.235,ROTATION_SACRIFICE,FILLED,-0.9256555999999999
2025-11-22T19:51:53.033416,CRV/USDT,buy,2954.881787634408,0.372,LONG_SQUEEZE_BREAKOUT,FILLED,0.0
2025-11-22T19:51:54.343756,KAVA/USDT,buy,9881.0,0.1126,ROTATION_SACRIFICE,FILLED,-0.8900804800000001
2025-11-22T19:51:55.683819,SOL/USDT,buy,8.716244973347965,127.57,LONG_SUPER_MOMENTUM,FILLED,0.0
2025-11-22T19:51:57.068790,SNX/USDT,buy,1049.3,0.562,ROTATION_SACRIFICE,FILLED,-0.47176528
2025-11-22T19:51:58.400240,GRT/USDT,buy,12642.53415238144,0.04871,LONG_SQUEEZE_BREAKOUT,FILLED,0.0
2025-11-22T19:52:11.680559,NEAR/USDT,sell,21.0,1.847,EXIT_CLIMAX_PUMP,FILLED,0.20006279999999788
2025-11-22T19:52:43.104331,INJ/USDT,buy,27.28156971657111,5.407,LONG_SQUEEZE_BREAKOUT,FILLED,0.0
2025-11-22T19:54:01.747922,ETC/USDT,buy,2.7035692116792376,13.524,LONG_SQUEEZE_BREAKOUT,FILLED,0.0
2025-11-22T19:55:09.913576,APT/USDT,buy,12.189532446876465,2.3483,LONG_SQUEEZE_BREAKOUT,FILLED,0.0
2025-11-22T19:57:12.885860,GRT/USDT,sell,6321.0,0.04913,PARTIAL_TP_SCALE_OUT (Secure Gains),FILLED,2.4074413439999796
2025-11-22T19:57:14.211487,GALA/USDT,sell,1949.0,0.00751,PARTIAL_TP_SCALE_OUT (Secure Gains),FILLED,0.1442727760000004
2025-11-22T19:57:22.980018,GRT/USDT,sell,3160.5,0.04913,PARTIAL_TP_SCALE_OUT (Secure Gains),FILLED,1.2037206719999898
2025-11-22T19:57:24.288116,GALA/USDT,sell,974.5,0.00751,PARTIAL_TP_SCALE_OUT (Secure Gains),FILLED,0.0721363880000002
2025-11-22T19:57:33.091465,GRT/USDT,sell,3161.0,0.04908,EXIT_CLIMAX_PUMP,FILLED,1.0459243239999854
2025-11-22T19:57:34.401415,GALA/USDT,sell,487.5,0.00751,PARTIAL_TP_SCALE_OUT (Secure Gains),FILLED,0.0360867000000001
2025-11-22T19:57:43.223646,GALA/USDT,sell,244.0,0.00751,PARTIAL_TP_SCALE_OUT (Secure Gains),FILLED,0.01806185600000005
2025-11-22T19:57:51.896608,GALA/USDT,sell,122.0,0.00751,PARTIAL_TP_SCALE_OUT (Secure Gains),FILLED,0.009030928000000025
2025-11-22T19:58:00.614061,GALA/USDT,sell,61.0,0.00751,PARTIAL_TP_SCALE_OUT (Secure Gains),FILLED,0.004515464000000012
2025-11-22T19:58:09.401104,GALA/USDT,sell,30.5,0.00751,PARTIAL_TP_SCALE_OUT (Secure Gains),FILLED,0.002257732000000006
2025-11-22T19:58:18.436017,GALA/USDT,sell,15.5,0.00751,PARTIAL_TP_SCALE_OUT (Secure Gains),FILLED,0.0011473720000000033
2025-11-22T19:58:27.592801,GALA/USDT,sell,8.0,0.00751,PARTIAL_TP_SCALE_OUT (Secure Gains),FILLED,0.0005921920000000017
2025-11-22T19:58:36.711974,GALA/USDT,sell,4.0,0.00751,PARTIAL_TP_SCALE_OUT (Secure Gains),FILLED,0.00029609600000000085
2025-11-22T19:58:45.446852,GALA/USDT,sell,2.0,0.00751,PARTIAL_TP_SCALE_OUT (Secure Gains),FILLED,0.00014804800000000042
2025-11-22T19:58:54.236633,GALA/USDT,sell,1.0,0.00751,PARTIAL_TP_SCALE_OUT (Secure Gains),FILLED,7.402400000000021e-05
2025-11-22T19:59:03.156948,GALA/USDT,sell,1.0,0.00751,PARTIAL_TP_SCALE_OUT (Secure Gains),FILLED,7.402400000000021e-05
2025-11-22T20:00:20.184113,CRV/USDT,sell,2954.8,0.374,EXIT_TRAIL_STOP (ROI 0.3%),FILLED,2.0719057600000026
2025-11-22T20:00:27.868498,TRX/USDT,buy,5969.402027069077,0.27476,LONG_SUPER_MOMENTUM,FILLED,0.0
2025-11-22T20:02:14.523772,SOL/USDT,sell,8.0,127.99,EXIT_TRAIL_STOP (ROI 0.3%),FILLED,1.9019519999999135
2025-11-22T20:07:42.099317,INJ/USDT,sell,27.2,5.415,EXIT_TRAIL_STOP (ROI 0.1%),FILLED,0.09985664000000016
2025-11-22T20:10:09.695718,APT/USDT,sell,12.1,2.3448,EXIT_TRAIL_STOP (ROI -0.7%),FILLED,-0.21153316799999533
2025-11-22T20:14:43.729686,SOL/USDT,buy,9.43086723001018,127.69,LONG_SUPER_MOMENTUM,FILLED,0.0
2025-11-22T20:14:44.032964,BNB/USDT,buy,0.07206541134157587,835.51,LONG_SUPER_MOMENTUM,FILLED,0.0
2025-11-22T20:20:22.442274,SOL/USDT,sell,9.0,128.48,ROTATION_SACRIFICE,FILLED,-0.925056
2025-11-22T20:20:23.751825,RENDER/USDT,buy,639.0366492146596,1.719,LONG_SUPER_MOMENTUM,FILLED,0.0
2025-11-22T20:20:25.105175,TRX/USDT,sell,5969.0,0.27478,ROTATION_SACRIFICE,FILLED,-1.312129456
2025-11-22T20:20:26.439372,XRP/USDT,buy,827.8142917992406,1.9486,LONG_SUPER_MOMENTUM,FILLED,0.0
2025-11-22T20:20:37.951189,ETH/USDT,buy,0.02911726352631978,2769.97,LONG_SUPER_MOMENTUM,"FAILED: binance {""code"":-4164,""msg"":""order's notional must be no smaller than 20 (unless you choose reduce only).""}",0.0
2025-11-22T20:20:49.462273,NEAR/USDT,buy,43.857502147906466,1.839,LONG_SUPER_MOMENTUM,"FAILED: binance {""code"":-4164,""msg"":""order's notional must be no smaller than 5 (unless you choose reduce only).""}",0.0
2025-11-22T20:21:01.037082,APE/USDT,buy,287.84420574589575,0.2802,LONG_SUPER_MOMENTUM,"FAILED: binance {""code"":-4164,""msg"":""order's notional must be no smaller than 5 (unless you choose reduce only).""}",0.0
2025-11-22T20:21:03.882435,ETC/USDT,sell,2.7,13.503,"EXIT_TIME_STOP (No Momentum in 15m, ROI -0.41%)",FILLED,-0.18042695999999775
2025-11-22T20:22:01.363780,FET/USDT,buy,91.77389065213458,0.2764,LONG_SUPER_MOMENTUM,FILLED,0.0
2025-11-22T20:23:21.177376,RENDER/USDT,sell,639.0,1.717,EXIT_TREND_REVERSAL,FILLED,-5.572399499999934
2025-11-22T20:26:34.071401,UNI/USDT,buy,178.35138423294055,6.15,LONG_SUPER_MOMENTUM,FILLED,0.0
2025-11-22T20:30:37.967999,FET/USDT,sell,91.0,0.2777,EXIT_TRAIL_STOP (ROI 0.3%),FILLED,0.052612560000002084
2025-11-22T20:35:31.543703,DYDX/USDT,buy,289.74620695606694,0.239,LONG_TREND_PULLBACK,FILLED,0.0
2025-11-22T20:37:03.571474,UNI/USDT,sell,178.0,6.156,ROTATION_SACRIFICE,FILLED,-0.8766144
2025-11-22T20:37:04.888164,FET/USDT,buy,3735.125941872982,0.2787,LONG_SUPER_MOMENTUM,FILLED,0.0
2025-11-22T20:37:16.456345,SOL/USDT,buy,0.4071415832290356,127.84,LONG_SUPER_MOMENTUM,"FAILED: binance {""code"":-2019,""msg"":""margin is insufficient.""}",0.0
2025-11-22T20:41:38.673609,UNI/USDT,buy,7.9461282510938265,6.171,LONG_SUPER_MOMENTUM,FILLED,0.0
2025-11-22T20:46:46.479623,XRP/USDT,sell,827.8,1.951,EXIT_TRAIL_STOP (ROI 0.2%),FILLED,1.1923631200000937
2025-11-22T20:48:52.733644,BTC/USDT,sell,0.014,84739.6,EXIT_STAGNATION (Duration 2.0h),FILLED,4.256798000000162
2025-11-22T20:50:34.830055,DYDX/USDT,sell,289.7,0.238,"EXIT_TIME_STOP (No Momentum in 15m, ROI -0.42%)",FILLED,-0.3449747600000002
2025-11-22T20:54:33.880882,FET/USDT,sell,3735.0,0.2779,"EXIT_TIME_STOP (No Momentum in 15m, ROI -0.32%)",FILLED,-4.193209800000044
2025-11-22T20:57:09.641895,FET/USDT,buy,3557.4149768791044,0.2781,ENTRY_TREND_FOLLOW_LONG,FILLED,0.0
2025-11-22T20:57:09.967397,XRP/USDT,buy,901.9698941557557,1.9494,ENTRY_TREND_FOLLOW_LONG,FILLED,0.0
2025-11-22T20:57:11.596768,1000SHIB/USDT,buy,67272.11898801336,0.007798,ENTRY_TREND_FOLLOW_LONG,FILLED,0.0
2025-11-22T20:57:13.241416,FLOW/USDT,buy,1162.061989582183,0.237,ENTRY_TREND_FOLLOW_LONG,FILLED,0.0
2025-11-22T20:57:14.886573,RUNE/USDT,sell,238.59663870257947,0.606,ENTRY_TREND_FOLLOW_SHORT,FILLED,0.0
2025-11-22T20:57:16.508496,FIL/USDT,buy,47.061079109253356,1.613,ENTRY_TREND_FOLLOW_LONG,FILLED,0.0
2025-11-22T20:57:24.877733,MANA/USDT,buy,486.5994910463181,0.1638,ENTRY_TREND_FOLLOW_LONG,"FAILED: binance {""code"":-2019,""msg"":""margin is insufficient.""}",0.0
2025-11-22T20:57:36.445399,BTC/USDT,buy,0.0009411760140729101,84686.6,ENTRY_TREND_FOLLOW_LONG,"FAILED: binance {""code"":-4164,""msg"":""order's notional must be no smaller than 100 (unless you choose reduce only).""}",0.0
2025-11-22T20:57:44.716028,LINK/USDT,buy,6.551454597516596,12.166,ENTRY_TREND_FOLLOW_LONG,"FAILED: binance {""code"":-2019,""msg"":""margin is insufficient.""}",0.0
2025-11-22T20:57:53.016279,XLM/USDT,buy,346.39285803297224,0.2301,ENTRY_TREND_FOLLOW_LONG,"FAILED: binance {""code"":-2019,""msg"":""margin is insufficient.""}",0.0
2025-11-22T20:58:01.273622,DYDX/USDT,buy,334.89494383776014,0.238,ENTRY_TREND_FOLLOW_LONG,"FAILED: binance {""code"":-2019,""msg"":""margin is insufficient.""}",0.0
2025-11-22T20:58:09.541821,VET/USDT,buy,6235.234032182345,0.012783,ENTRY_TREND_FOLLOW_LONG,"FAILED: binance {""code"":-2019,""msg"":""margin is insufficient.""}",0.0
2025-11-22T20:58:15.331860,GALA/USDT,sell,1344.5512252595634,0.00741,ENTRY_TREND_FOLLOW_SHORT,FILLED,0.0
2025-11-22T20:58:23.631108,IMX/USDT,buy,224.98407521836074,0.3122,ENTRY_TREND_FOLLOW_LONG,"FAILED: binance {""code"":-2019,""msg"":""margin is insufficient.""}",0.0
2025-11-22T20:58:31.895619,ETC/USDT,buy,5.208752560858155,13.485,ENTRY_TREND_FOLLOW_LONG,"FAILED: binance {""code"":-2019,""msg"":""margin is insufficient.""}",0.0
2025-11-22T21:03:57.099791,MANA/USDT,buy,289.8138628810976,0.164,ENTRY_TREND_FOLLOW_LONG,FILLED,0.0
2025-11-22T21:23:02.457197,RENDER/USDT,buy,601.6651289124782,1.731,ENTRY_TREND_FOLLOW_LONG,FILLED,0.0
2025-11-22T21:23:02.807333,LINK/USDT,buy,4.264874439588458,12.21,ENTRY_TREND_FOLLOW_LONG,FILLED,0.0
2025-11-22T21:23:09.460899,RENDER/USDT,buy,320.24321320696123,1.731,ENTRY_TREND_FOLLOW_LONG,FILLED,0.0
2025-11-22T21:23:09.787317,LINK/USDT,buy,47.67060214285933,12.21,ENTRY_TREND_FOLLOW_LONG,FILLED,0.0
2025-11-22T21:23:10.335519,IMX/USDT,buy,2045.0064100462814,0.3133,ENTRY_TREND_FOLLOW_LONG,FILLED,0.0
2025-11-22T21:23:12.772955,IMX/USDT,buy,1270.3004996488987,0.3133,ENTRY_TREND_FOLLOW_LONG,FILLED,0.0
2025-11-22T21:23:13.086333,DYDX/USDT,buy,1755.8168229705886,0.238,ENTRY_TREND_FOLLOW_LONG,FILLED,0.0
2025-11-22T21:23:18.750225,DYDX/USDT,buy,3770.26265275377,0.238,ENTRY_TREND_FOLLOW_LONG,FILLED,0.0
2025-11-22T21:23:19.077757,APT/USDT,sell,85.96168021466238,2.317,ENTRY_TREND_FOLLOW_SHORT,FILLED,0.0
2025-11-22T21:23:19.252811,DYDX/USDT,buy,3770.26265275377,0.238,ENTRY_TREND_FOLLOW_LONG,FILLED,0.0
2025-11-22T21:23:19.565682,APT/USDT,sell,85.96080465251303,2.317,ENTRY_TREND_FOLLOW_SHORT,FILLED,0.0
